country,publish_date,url,title,tests,ventilators,beds,ppe
China,,https://www.aljazeera.com/news/2020/04/china-support-coronavirus-hit-europe-stirs-controversy-200404160742616.html,Why China's support to coronavirus-hit Europe stirs controversy,,"['16,000 ventilators']",,
China,04-06-2020 00:00,http://www.tribune242.com/news/2020/apr/06/china-donates-1000-covid-19-testing-kits/,"China donates 1,000 COVID-19 testing kits","['1,000 test kits']",,,
China,04-04-2020 20:48,https://www.ocregister.com/china-to-ny-ventilator-shipment-shows-coronavirus-supply-scramble,China-to-NY ventilator shipment shows coronavirus supply scramble,,['140 ventilators'],,
China,04-07-2020 00:00,https://www.thestar.com.my/news/nation/2020/04/07/28-icu-beds-flown-in-from-china-rushed-to-hospitals,28 ICU beds flown in from China rushed to hospitals,,,"['100 ICU beds', '28 ICU beds', '72 ICU beds']",
China,,https://www.thehindu.com/news/national/coronavirus-outbreak-170-lakh-chinese-ppes-to-ease-shortage/article31273465.ece,"Coronavirus outbreak | Tamil Nadu, Maharashtra to get PPE’s donated by China",,,,"['3,87,473 PPE']"
China,04-06-2020 15:31,https://theprint.in/india/india-receives-1-7-lakh-ppe-coveralls-from-china-to-fight-covid-19/396616/,India receives 1.7 lakh PPE coveralls from China to fight Covid-19,,,,"['3,87,473 PPE']"
China,04-06-2020 21:09,https://www.washingtonexaminer.com/news/china-makes-italy-buy-back-its-personal-protective-gear-during-coronavirus-pandemic-report,China makes Italy buy back its personal protective gear during coronavirus pandemic: Report,,"['16,000 ventilators']",,
India,04-06-2020 16:37,https://www.reuters.com/article/us-health-coronavirus-southasia/testing-times-for-india-in-race-to-head-off-coronavirus-epidemic-idUSKBN21O11A,Testing times for India in race to head off coronavirus epidemic,"['35,875 tests', '96,000 tests', '100,000 tests']",,,
India,,https://www.channelnewsasia.com/news/asia/india-in-race-to-head-off-covid-19-coronavirus-epidemic-12614516,Testing times for India in race to head off COVID-19 epidemic,"['35,875 tests', '90,000 tests']",,,
India,,https://swarajyamag.com/insta/india-has-ordered-5-lakh-more-coronavirus-testing-kits-25-lakh-to-arrive-by-9-april-icmr,"India Has Ordered 5 Lakh More Coronavirus Testing Kits, 2.5 Lakh To Arrive by 9 April: ICMR","['13,000 tests']",,,
India,04-06-2020 00:00,https://www.thejakartapost.com/news/2020/04/06/odd-number-in-india-coronavirus-testing-data-sparks-questions.html,Odd number in India coronavirus testing data sparks questions,"['96,000 tests']",,,
India,,https://www.businesstoday.in/current/economy-politics/coronavirus-is-india-testing-enough-people-for-coronavirus/story/400235.html,Coronavirus: Is India testing enough people for coronavirus?,"['1,30,000 tests', '93 tests']",,,
India,04-01-2020 00:00,https://www.theguardian.com/world/2020/apr/01/india-coronavirus-cases-rise-amid-fears-true-figure-much-higher,India coronavirus cases rise amid fears true figure much higher,"['47,951 tests']",,,
India,,https://www.bbc.com/news/world-asia-india-52106565,Coronavirus: India's race to build a low-cost ventilator to save Covid-19 patients,,"['48,000 ventilators', '30,000 ventilators']",,
India,,https://www.aljazeera.com/news/2020/04/india-toaster-sized-ventilator-fight-virus-200402090302355.html,India's toaster-sized ventilator to help in fight against virus,,"['40,000 ventilators']",,
India,,https://www.moneycontrol.com/news/business/companies/coronavirus-pandemic-this-is-how-india-is-trying-to-overcome-ventilator-shortage-5095201.html,Coronavirus pandemic: This is how India is trying to overcome ventilator shortage,,"['1,000 ventilators', '19 ventilators', '50,000 ventilators', '220,000 ventilators']",,
India,,http://www.jamaicaobserver.com/news/toaster-size-ventilator-from-india-helps-hospitals-in-virus-fight_191441?profile=1373,Toaster-size ventilator from India helps hospitals in virus fight,,"['40,000 ventilators']",,
India,03-24-2020 00:00,https://www.brookings.edu/blog/up-front/2020/03/24/is-indias-health-infrastructure-equipped-to-handle-an-epidemic/,COVID-19 | Is India’s health infrastructure equipped to handle an epidemic?,,"['220,000 ventilators', '25,556 ventilators']","['57,119 ICU beds']",
India,,https://www.businesstoday.in/top-story/covid-19-cases-rise-to-107-india-faces-shortage-of-ventilators-icu-beds/story/398269.html,"COVID-19 cases rise to 107; India faces shortage of ventilators, ICU beds",,,"['70,000 ICU beds']",
India,,https://timesofindia.indiatimes.com/india/coronavirus-does-india-have-enough-ventilators-hospital-beds/articleshow/74822427.cms,"Coronavirus: Does India have enough ventilators, hospital beds?",,"['25,556 ventilators']","['57,119 ICU beds']",
India,04-07-2020 07:10,https://www.hindustantimes.com/india-news/china-donates-170-000-ppe-kits-to-india-to-help-fight-covid-19/story-QjqZ3U21OXmzol1L3koAiN.html,"China donates 170,000 PPE kits to India to help fight Covid-19",,,,"['387,000 PPE', '20,000 PPE']"
India,04-06-2020 15:31,https://theprint.in/india/india-receives-1-7-lakh-ppe-coveralls-from-china-to-fight-covid-19/396616/,India receives 1.7 lakh PPE coveralls from China to fight Covid-19,,,,"['3,87,473 PPE']"
India,,https://qz.com/india/1829905/the-iits-are-stepping-up-to-help-india-battle-coronavirus/,The IITs are stepping up to help India battle coronavirus,,"['50,000 ventilators']",,"['100,000 N95 masks']"
Indonesia,04-06-2020 18:23,https://www.straitstimes.com/asia/se-asia/indonesia-ranks-among-worlds-worst-in-coronavirus-testing-rate-together-with-ethiopia,"Indonesia ranks among world's worst in coronavirus testing rate, together with Ethiopia, Bangladesh",['16 tests'],,,
Indonesia,04-02-2020 12:25,https://www.reuters.com/article/us-health-coronavirus-indonesia-governor/indonesia-needs-massive-rapid-testing-for-coronavirus-idUSKBN21K1OI,"Indonesia needs 'massive, rapid' testing for coronavirus","['7,193 tests']",,,
Indonesia,04-07-2020 05:00,https://www.straitstimes.com/asia/se-asia/indonesia-testing-just-36-per-million-people,Coronavirus: Indonesia testing just 36 per million people,['16 tests'],,,
Indonesia,03-26-2020 06:20,https://www.reuters.com/article/us-health-coronavirus-indonesia-response/indonesias-health-system-on-the-brink-as-coronavirus-surge-looms-idUSKBN21C0J6,Indonesia's health system on the brink as coronavirus surge looms,,,"['321,544 hospital beds']",
Indonesia,,https://www.firstpost.com/health/coronavirus-outbreak-amid-rising-covid-19-cases-indonesia-sees-deficit-in-hospital-beds-medical-staff-icu-55-dead-so-far-8189201.html,"Coronavirus Outbreak: Amid rising COVID-19 cases, Indonesia sees deficit in hospital beds, medical staff, ICU; 55 dead so far",,,"['321,544 hospital beds']",
Indonesia,03-26-2020 00:00,https://www.theguardian.com/global-development/2020/mar/26/indonesia-could-have-thousands-of-hidden-coronavirus-cases-study-says,Indonesia’s hidden coronavirus cases threaten to overwhelm hospitals,,,"['321,544 hospital beds']",
Indonesia,04-01-2020 10:04,https://www.reuters.com/article/us-health-coronavirus-indonesia-hospital/indonesia-set-to-open-emergency-coronavirus-hospital-on-uninhabited-island-idUSKBN21J52B,Indonesia set to open emergency coronavirus hospital on uninhabited island,,,['12 hospital beds'],
Pakistan,04-06-2020 15:35,https://www.arabnews.com/node/1654206/world,Pakistan braced for double blow of coronavirus outbreak,"['1,000 test kits']",,,
Pakistan,03-31-2020 18:28,https://gulfnews.com/world/asia/pakistan/covid-19-pakistan-rapidly-setting-up-new-labs-buying-ventilators-testing-kits-1.70729066,"COVID-19: Pakistan rapidly setting up new labs, buying ventilators, testing kits",,"['1,000 ventilators', '2200 ventilators', '3000 ventilators', '10 ventilators', '16 ventilators']",,"['30 surgical masks', '16,700 PPE', '100,000 PPE', '100,000 Personal Protective Equipment']"
Pakistan,04-06-2020 15:35,https://www.arabnews.com/node/1654206/world,Pakistan braced for double blow of coronavirus outbreak,"['1,000 test kits']",,,
Pakistan,03-31-2020 23:44,https://nation.com.pk/31-Mar-2020/pakistan-needs-artificial-intelligence-to-beat-covid-19,Pakistan needs Artificial Intelligence to beat COVID 19,,"['1300 ventilators', '10,000 ventilators', '2000 ventilators', '150 ventilators']",,
Pakistan,03-31-2020 18:28,https://gulfnews.com/world/asia/pakistan/covid-19-pakistan-rapidly-setting-up-new-labs-buying-ventilators-testing-kits-1.70729066,"COVID-19: Pakistan rapidly setting up new labs, buying ventilators, testing kits",,"['1,000 ventilators', '2200 ventilators', '3000 ventilators', '10 ventilators', '16 ventilators']",,"['30 surgical masks', '16,700 PPE', '100,000 PPE', '100,000 Personal Protective Equipment']"
Pakistan,03-31-2020 00:00,https://www.brecorder.com/2020/03/31/585242/pakistani-ai-company-develops-portable-ventilator-to-combat-covid-19/,Pakistani AI company develops portable ventilator to combat COVID-19,,['1000 ventilators'],,
Pakistan,,https://www.thenews.com.pk/print/630435-coronavirus-pakistan-much-deficient-in-machines-designed-to-provide-mechanical-ventilation,Coronavirus: Pakistan much deficient in machines designed to provide mechanical ventilation,,"['250 ventilators', '1,300 ventilators', '140 ventilators', '475 ventilators', '150 ventilators']",,
Pakistan,,https://www.voanews.com/science-health/coronavirus-outbreak/pakistan-railway-converts-train-cars-covid-19-isolation-units,Pakistan Railway Converts Train Cars Into COVID-19 Isolation Units,,,"['2,000 hospital beds']",
Pakistan,03-24-2020 13:42,https://nationalinterest.org/feature/coronavirus-and-pakistan-why-people-must-immediately-begin-social-distancing-136697,The Coronavirus and Pakistan: Why People Must Immediately Begin Social Distancing,,"['1,700 ventilators']",,
Pakistan,,https://www.aljazeera.com/news/2020/03/pakistan-daily-wagers-struggle-survive-coronavirus-lockdown-200325115143152.html,Pakistan daily wagers struggle to survive in coronavirus lockdown,,,"['119,000 hospital beds']",
United States,02-28-2020 17:45,https://www.sciencemag.org/news/2020/02/united-states-badly-bungled-coronavirus-testing-things-may-soon-improve,The United States badly bungled coronavirus testing—but things may soon improve,['459 tests'],,,
Indonesia,03-26-2020 06:20,https://www.reuters.com/article/us-health-coronavirus-indonesia-response/indonesias-health-system-on-the-brink-as-coronavirus-surge-looms-idUSKBN21C0J6,Indonesia's health system on the brink as coronavirus surge looms,,,"['321,544 hospital beds']",
Brazil,04-04-2020 00:00,https://www.theguardian.com/global-development/2020/apr/04/medics-in-brazil-fear-official-coronavirus-tally-ignores-a-mountain-of-deaths,Brazil coronavirus: medics fear official tally ignores ‘a mountain of deaths’,"['54,000 tests']",,,
Brazil,03-20-2020 00:00,https://www.contractpharma.com/contents/view_breaking-news/2020-03-20/eurofins-expands-covid-19-testing-in-europe-and-brazil/,Eurofins Expands COVID-19 Testing in Europe and Brazil,"['10,000 tests', '15,000 tests']",,,
Brazil,,https://abcnews.go.com/International/wireStory/brazil-lacks-coronavirus-tests-equipment-report-69979839,"Brazil lacks coronavirus tests, other equipment, report says","['50,000 tests']",,,
Brazil,,https://time.com/5816243/brazil-jair-bolsonaro-coronavirus-governors/,Brazil's President Still Insists the Coronavirus Is Overblown. These Governors Are Fighting Back,,,['21 ICU beds'],
Brazil,,https://www.dw.com/en/brazil-amazons-indigenous-tribes-brace-for-coronavirus/a-53042209,Brazil: Amazon's indigenous tribes brace for coronavirus,,,['20 hospital beds'],
Nigeria,,https://qz.com/africa/1824401/coronavirus-nigerias-cdc-has-conducted-only-153-tests/,The troubling data point behind Nigeria’s low number of coronavirus cases,"['15,500 tests', '10,000 tests']",['500 ventilators'],,
Nigeria,,https://www.itnewsafrica.com/2020/04/covid-19-news-tech-companies-work-to-solve-the-ventilator-shortage-in-nigeria/,COVID-19 News: Tech Companies Work to Solve the Ventilator Shortage in Nigeria,,['100 ventilators'],"['56,320 ICU beds']",
Nigeria,03-30-2020 12:46,https://www.premiumtimesng.com/news/headlines/384840-coronavirus-nigeria-has-350-icu-beds-for-200-million-people.html,Coronavirus: Nigeria has 350 ICU beds for 200 million people,,"['500 ventilators', '8,000 ventilators', '100,000 ventilators']","['20 ICU beds', '350 ICU beds']",
Nigeria,04-06-2020 10:45,https://www.pulse.ng/news/local/coronavirus-chinese-billionaire-jack-ma-donates-ventilators-ppes-to-nigeria-others/983kb09,"Coronavirus: Chinese billionaire Jack Ma donates ventilators, PPEs to Nigeria, others","['20,000 test kits']",['500 ventilators'],,
Bangladesh,,https://www.weforum.org/agenda/2020/04/in-bangladesh-covid-19-could-cause-a-humanitarian-crisis/,Why Bangladesh is especially vulnerable to the coronavirus,,,['432 ICU beds'],
Bangladesh,03-30-2020 16:22,https://www.atlanticcouncil.org/blogs/new-atlanticist/defusing-bangladeshs-covid-19-timebomb/,Defusing Bangladesh’s COVID-19 time bomb,"['1,185 tests']",,,"['15,000 surgical masks']"
Bangladesh,04-06-2020 18:23,https://www.straitstimes.com/asia/se-asia/indonesia-ranks-among-worlds-worst-in-coronavirus-testing-rate-together-with-ethiopia,"Indonesia ranks among world's worst in coronavirus testing rate, together with Ethiopia, Bangladesh",['16 tests'],,,
Bangladesh,04-03-2020 00:00,https://www.dhakatribune.com/bangladesh/2020/04/03/bangladesh-expands-covid-19-testing,Bangladesh expands Covid-19 testing,['513 tests'],,,"['3,66,350 personal protective equipment']"
Bangladesh,,https://www.benarnews.org/english/news/bengali/ventilator-shortage-04062020150700.html,"Bangladesh Faces Stark Shortage of Ventilators to Fight COVID-19, NGO Says",,"['1,475 ventilators', '1,500 ventilators', '30 ventilators', '300 ventilators']",,
Bangladesh,,https://www.weforum.org/agenda/2020/04/in-bangladesh-covid-19-could-cause-a-humanitarian-crisis/,Why Bangladesh is especially vulnerable to the coronavirus,,,['432 ICU beds'],
Bangladesh,04-06-2020 00:00,https://www.dhakatribune.com/health/coronavirus/2020/04/06/coronavirus-is-bangladesh-following-its-national-plan,Coronavirus: Is Bangladesh following its national plan?,,,"['34 ICU beds', '1,169 ICU beds']",
Bangladesh,03-30-2020 16:22,https://www.atlanticcouncil.org/blogs/new-atlanticist/defusing-bangladeshs-covid-19-timebomb/,Defusing Bangladesh’s COVID-19 time bomb,"['1,185 tests']",,,"['15,000 surgical masks']"
Russia,03-26-2020 10:35,https://www.sciencemag.org/news/2020/03/new-coronavirus-finally-slamming-russia-country-ready,The new coronavirus is finally slamming Russia. Is the country ready?,"['700,000 test kits', '193,000 tests']",,,
Russia,03-18-2020 00:00,https://foreignpolicy.com/2020/03/18/fortress-russia-coronavirus-spread-covid-pandemic/,Fortress Russia Begins to Show Cracks as Coronavirus Spreads,"['116,000 tests']",,,
Russia,03-21-2020 00:00,https://meduza.io/en/feature/2020/03/21/the-ventilator-problem,The ventilator problem Russia has way more machines that can keep coronavirus patients breathing than Italy did — but that doesn’t mean the pandemic will be any easier. — Meduza,,"['5,000 ventilators', '8,175 ventilators', '62,000 ventilators', '40,000 ventilators']",,
Russia,04-06-2020 00:00,https://www.vox.com/2020/4/6/21200167/coronavirus-russia-vladimir-putin-moscow-cases,"Russia’s growing coronavirus outbreak and its challenge to Vladimir Putin, explained",['19 tests'],"['40,000 ventilators']","['70,000 hospital beds']",
Russia,03-21-2020 00:00,https://meduza.io/en/feature/2020/03/21/the-ventilator-problem,The ventilator problem Russia has way more machines that can keep coronavirus patients breathing than Italy did — but that doesn’t mean the pandemic will be any easier. — Meduza,,"['5,000 ventilators', '8,175 ventilators', '62,000 ventilators', '40,000 ventilators']",,
Russia,03-20-2020 00:00,https://www.nytimes.com/2020/03/20/world/europe/russia-coronavirus-covid-19.html,"Thanks to Sanctions, Russia Is Cushioned From Virus’s Economic Shocks","['100,000 test kits']",,,
Mexico,03-30-2020 00:00,https://www.washingtonpost.com/world/the_americas/coronavirus-mexico-us-border-covid-19/2020/03/30/18ad79b2-7061-11ea-a156-0048b62cdb51_story.html,Coronavirus on the border: Why Mexico has so few cases compared with the U.S.,['65 tests'],,,
Mexico,03-19-2020 19:42,https://slate.com/news-and-politics/2020/03/mexico-is-frighteningly-unprepared-for-the-coronavirus.html,Mexico Is Frighteningly Unprepared for the Coronavirus,,,"['150 hospital beds', '3,000 ICU beds', '340 hospital beds']",
Mexico,04-03-2020 00:00,https://www.sandiegouniontribune.com/news/border-baja-california/story/2020-04-03/hecho-en-mexico-the-ventilator-that-could-save-your-life,Hecho en Mexico: the ventilator that may save your life,,"['1,500 ventilators']",,
Mexico,04-01-2020 20:41,https://www.reuters.com/article/us-health-coronavirus-mexico-ventilators/mexico-scrambles-to-meet-desperate-u-s-european-ventilator-demand-idUSKBN21J6PV,"Mexico scrambles to meet desperate U.S., European ventilator demand",,"['30,000 ventilators']",,
Mexico,03-19-2020 19:42,https://slate.com/news-and-politics/2020/03/mexico-is-frighteningly-unprepared-for-the-coronavirus.html,Mexico Is Frighteningly Unprepared for the Coronavirus,,,"['150 hospital beds', '3,000 ICU beds', '340 hospital beds']",
Mexico,04-06-2020 19:25,https://finance.yahoo.com/news/coronavirus-killing-lopez-obrador-big-192551656.html,Coronavirus Is Killing Lopez Obrador’s Big Plans for Mexico,,"['10,000 ventilators']",,
Japan,04-06-2020 11:32,https://www.reuters.com/article/us-health-coronavirus-japan-hospitals-in/running-out-of-beds-and-gear-tokyo-medical-staff-say-japans-state-of-emergency-already-here-idUSKBN21O0K4,"Running out of beds and gear, Tokyo medical staff say Japan's 'state of emergency' already here","['443,273 tests']",,,
Japan,03-18-2020 12:08,https://www.reuters.com/article/us-health-coronavirus-japan-testing/japan-uses-just-a-fraction-of-its-coronavirus-testing-capacity-idUSKBN2150ZR,Japan uses just a fraction of its coronavirus testing capacity,"['200,000 tests', '32,000 tests']",,,
Japan,03-16-2020 06:06,https://www.reuters.com/article/us-health-coronavirus-japan-challenges/in-nagoya-scramble-for-hospital-beds-shows-coronavirus-challenge-for-aging-japan-idUSKBN2130JR,"In Nagoya, scramble for hospital beds shows coronavirus challenge for aging Japan",,"['3,000 respirators']",,
Japan,03-17-2020 00:00,https://www.japantimes.co.jp/news/2020/03/17/national/science-health/nagoya-hospital-beds-coronavirus-aging-japan/,"In Nagoya, scramble for hospital beds highlights coronavirus challenge for aging Japan",,"['3,000 respirators']",,
Japan,04-06-2020 11:32,https://www.reuters.com/article/us-health-coronavirus-japan-hospitals-in/running-out-of-beds-and-gear-tokyo-medical-staff-say-japans-state-of-emergency-already-here-idUSKBN21O0K4,"Running out of beds and gear, Tokyo medical staff say Japan's 'state of emergency' already here","['443,273 tests']",,,
Japan,,https://www.nasdaq.com/articles/japan-animal-ventilator-maker-looks-to-boost-output-for-human-coronavirus-patients-2020-04,Japan animal ventilator maker looks to boost output for human coronavirus patients,,"['8,000 ventilators']",,
Japan,04-06-2020 11:32,https://www.reuters.com/article/us-health-coronavirus-japan-hospitals-in/running-out-of-beds-and-gear-tokyo-medical-staff-say-japans-state-of-emergency-already-here-idUSKBN21O0K4,"Running out of beds and gear, Tokyo medical staff say Japan's 'state of emergency' already here","['443,273 tests']",,,
Ethiopia,04-05-2020 15:40,https://news.yahoo.com/ethiopia-reports-first-coronavirus-death-154040908.html,Ethiopia reports first coronavirus death,"['1,222 tests', '647 tests', '500 tests']",,,
Ethiopia,04-06-2020 00:00,https://www.thejakartapost.com/news/2020/04/06/ethiopia-reports-first-two-deaths-from-coronavirus.html,Ethiopia reports first two deaths from coronavirus,"['1,222 tests', '647 tests', '500 tests']",,,
Ethiopia,04-06-2020 00:00,https://www.africanews.com/2020/04/06/ethiopia-s-coronavirus-rules-crowd-ban-free-transport-regulate-essentials-etc/,"Ethiopia coronavirus: major Addis market to relocate, 2 deaths as cases reach 44","['15,000 tests', '900 tests', '500 tests']","['1,500 ventilators', '54 ventilators']",,
Ethiopia,04-06-2020 18:23,https://www.straitstimes.com/asia/se-asia/indonesia-ranks-among-worlds-worst-in-coronavirus-testing-rate-together-with-ethiopia,"Indonesia ranks among world's worst in coronavirus testing rate, together with Ethiopia, Bangladesh",['16 tests'],,,
Ethiopia,04-03-2020 09:32,https://news.yahoo.com/ethiopia-races-bolster-ventilator-stockpile-coronavirus-fight-093246283.html,Ethiopia races to bolster ventilator stockpile for coronavirus fight,,"['200 ventilators', '1,000 ventilators', '1,500 ventilators', '54 ventilators']",,
Ethiopia,04-04-2020 00:00,https://www.africanews.com/2020/04/04/africa-s-ventilator-dystopia-ethiopia-trains-doctors-on-covid-19-lifesavers/,"Africa's ventilator dystopia, Ethiopia trains doctors on COVID-19 lifesavers",,"['200 ventilators', '1,000 ventilators', '54 respirators']",,
Ethiopia,04-06-2020 00:00,https://www.africanews.com/2020/04/06/ethiopia-s-coronavirus-rules-crowd-ban-free-transport-regulate-essentials-etc/,"Ethiopia coronavirus: major Addis market to relocate, 2 deaths as cases reach 44","['15,000 tests', '900 tests', '500 tests']","['1,500 ventilators', '54 ventilators']",,
Ethiopia,04-03-2020 00:00,https://www.africanews.com/2020/04/03/ethiopia-s-coronavirus-rules-crowd-ban-free-transport-regulate-essentials-etc/,"Ethiopia coronavirus: major Addis market to relocate, 2 deaths as cases reach 44","['15,000 tests', '900 tests', '500 tests']","['1,500 ventilators', '54 ventilators']",,
Philippines,03-31-2020 12:17,https://www.reuters.com/article/us-health-coronavirus-philippines-cases/philippines-sees-largest-daily-rise-in-coronavirus-deaths-cases-idUSKBN21I12V,"Philippines sees largest daily rise in coronavirus deaths, cases","['15,000 tests']",,,
Philippines,04-06-2020 00:00,https://www.sentinelandenterprise.com/2020/04/06/the-latest-lockdown-in-philippines-extended-to-april-30/,The Latest: Lockdown in Philippines extended to April 30,,,,"['368,000 N95 masks']"
Philippines,03-24-2020 00:00,https://www.npr.org/sections/coronavirus-live-updates/2020/03/24/820906636/concerns-in-philippines-after-duterte-given-emergency-powers-to-fight-covid-19-s,Concerns In Philippines After Duterte Given Emergency Powers To Fight COVID-19 Spread,"['100,000 test kits', '3,000 tests']",,,
Philippines,04-04-2020 11:04,https://gulfnews.com/world/asia/philippines/coronavirus-philippines-locally-developed-26-test-kit-approved-1.1585984887075,Coronavirus: Philippines' locally-developed $26 test kit approved,"['26,000 tests', '120,000 tests']",,,
Philippines,04-06-2020 00:00,https://www.sentinelandenterprise.com/2020/04/06/the-latest-lockdown-in-philippines-extended-to-april-30/,The Latest: Lockdown in Philippines extended to April 30,,,,"['368,000 N95 masks']"
Philippines,04-03-2020 00:36,http://outbreaknewstoday.com/philippines-covid-19-cases-rise-doh-tells-health-workers-ppe-is-on-the-way-20918/,"Philippines: COVID-19 cases rise, DOH tells health workers, ‘PPE is on the way’",,,,"['15,000 PPE']"
Philippines,04-06-2020 00:00,https://wbng.com/2020/04/06/the-latest-south-korea-health-minister-urges-vigilance/,The Latest: Lockdown in Philippines extended to April 30,,,,"['368,000 N95 masks']"
Egypt,04-06-2020 00:00,https://egyptianstreets.com/2020/04/06/protect-provide-and-progress-egypts-international-response-in-the-covid-19-fight/,"Protect, Provide, and Progress: Egypt’s International Response in the COVID-19 Fight","['200,000 tests']",['400 ventilators'],['1000 ICU beds'],
Japan,04-06-2020 03:37,https://www.reuters.com/article/us-health-coronavirus-japan-ventilators/japan-animal-ventilator-maker-looks-to-boostoutput-for-human-coronavirus-patients-idUSKBN21O097,Japan animal ventilator maker looks to boost output for human coronavirus patients,,"['8,000 ventilators']",,
Vietnam,,https://e.vnexpress.net/news/news/vietnam-imports-200-000-rapid-test-kits-for-large-scale-covid-19-testing-4077074.html,"Vietnam imports 200,000 rapid test kits for large-scale Covid-19 testing",['19 tests'],,,
Vietnam,04-03-2020 12:23,https://www.reuters.com/article/health-coronavirus-vietnam-vingroup/update-1-vietnams-vingroup-says-to-produce-ventilators-in-covid-19-fight-idUSL4N2BR2ON,UPDATE 2-Vietnam's Vingroup says to produce ventilators in COVID-19 fight,,['560 ventilators'],,
Germany,04-03-2020 00:00,https://www.cnbc.com/2020/04/03/germany-has-a-low-coronavirus-mortality-rate-heres-why.html,Germany has a low coronavirus mortality rate: Here's why,"['500,000 tests']",,,
Germany,04-02-2020 00:00,https://www.theguardian.com/world/2020/apr/02/germany-told-it-needs-to-massively-increase-coronavirus-testing,Germany told it needs to massively increase coronavirus testing,"['200,000 tests', '500,000 tests']",,,
Germany,,https://time.com/5812555/germany-coronavirus-deaths/,Why Is Germany's Coronavirus Death Rate So Low?,"['160,000 tests']",,,
Germany,04-05-2020 00:00,https://www.theguardian.com/world/2020/apr/05/germanys-devolved-logic-is-helping-it-win-the-coronavirus-race,Germany's devolved logic is helping it win the coronavirus race,"['500,000 tests']",,,
Germany,04-02-2020 00:00,https://www.businessinsider.com/why-germany-has-a-low-covid-19-mortality-rate-2020-4,Germany has remarkably few COVID-19 deaths. Its healthcare system shows how Germany prevented a runaway death toll.,"['160,000 tests']",,,
Germany,03-13-2020 20:03,https://www.reuters.com/article/us-health-coronavirus-draegerwerk-ventil/germany-italy-rush-to-buy-life-saving-ventilators-as-manufacturers-warn-of-shortages-idUSKBN210362,"Germany, Italy rush to buy life-saving ventilators as manufacturers warn of shortages",,"['5,000 ventilators', '10,000 ventilators', '15,000 ventilators']",,
Germany,03-17-2020 00:00,https://www.nytimes.com/2020/03/17/opinion/coronavirus-europe-germany.html,Opinion | Germany Has More Than Enough Ventilators. It Should Share Them.,,"['5,000 ventilators', '25,000 ventilators']",,
Germany,04-01-2020 14:25,https://talkingpointsmemo.com/news/germany-testing-coronavirus,"Widespread Testing, Large Number Of ICU Beds Gave Germany An Upper Hand On Coronavirus","['200,000 tests', '500,000 tests']",,,
Germany,04-03-2020 00:00,https://www.washingtonpost.com/business/2020/04/03/white-house-scrambles-scoop-up-medical-supplies-angering-canada-germany/,"White House scrambles to scoop up medical supplies worldwide, angering Canada, Germany",,['95 respirators'],,
Turkey,,https://www.middleeasteye.net/news/coronavirus-turkey-faulty-chinese-kits-not-use,Coronavirus: Turkey rejects Chinese testing kits over inaccurate results,"['7,533 tests']",,,
Turkey,,https://www.aljazeera.com/news/2020/04/turkey-facing-steep-curve-coronavirus-cases-200402131247613.html,Why Turkey is facing a steep curve of new coronavirus cases,"['107,000 tests', '30,000 tests']",,,
Turkey,,https://ahvalnews.com/coronavirus/turkeys-control-coronavirus-testing-kits-fuels-concerns-over-cover-surgeon,Turkey's control of coronavirus testing kits fuels concerns over cover-up - surgeon,"['2,500 tests']",,,
Turkey,04-07-2020 11:05,https://ifpnews.com/iran-offers-help-to-turkey-in-coronavirus-fight,Iran Offers Help to Turkey in Coronavirus Fight,,,"['3,000 hospital beds']",
Turkey,,https://www.trtworld.com/turkey/why-turkey-is-better-equipped-to-tackle-coronavirus-34610,Why Turkey is better-equipped to tackle coronavirus,,,['46 ICU beds'],
Turkey,04-05-2020 16:02,https://www.independent.co.uk/news/world/europe/coronavirus-turkey-spain-ventilators-stolen-piracy-a9448086.html,Coronavirus: Turkey denies it seized ventilators destined for Spain amid epidemic of medical piracy,,['116 ventilators'],,
Iran,04-07-2020 11:05,https://ifpnews.com/iran-offers-help-to-turkey-in-coronavirus-fight,Iran Offers Help to Turkey in Coronavirus Fight,,,"['3,000 hospital beds']",
Thailand,,https://reliefweb.int/report/thailand/us-provides-personal-protective-equipment-royal-thai-government-assist-covid-19,U.S. Provides Personal Protective Equipment to the Royal Thai Government to assist COVID-19 Response - Thailand,,,,"['5,000 surgical masks']"
Thailand,03-09-2020 15:22,https://saraacarter.com/usaid-gives-coronavirus-aid-to-thailand-whose-king-is-worth-30-billion/,USAID Gives Coronavirus Aid To Thailand Whose King Is Worth $30 Billion,,,,"['5,000 surgical masks']"
France,,https://www.aljazeera.com/news/2020/04/trump-warns-lot-death-covid-19-battle-live-updates-200404232003006.html,"Italy, France record lower coronavirus deaths: Live updates","['20,065 tests']","['1,000 ventilators']",,
Italy,,https://www.aljazeera.com/news/2020/04/trump-warns-lot-death-covid-19-battle-live-updates-200404232003006.html,"Italy, France record lower coronavirus deaths: Live updates","['20,065 tests']","['1,000 ventilators']",,
Italy,,https://www.biospace.com/article/releases/new-covid-19-forecasts-for-europe-italy-and-amp-spain-have-passed-the-peak-of-their-epidemics-uk-early-in-its-epidemic-faces-a-fast-mounting-death-toll/,"New COVID-19 Forecasts for Europe: Italy & Spain have passed the peak of their epidemics; UK, early in its epidemic, faces a fast-mounting death toll",,"['20,862 ventilators']","['6,091 ICU beds', '1,090 ICU beds', '23,745 ICU beds', '118 ICU beds', '24,544 ICU beds', '799 ICU beds', '4,330 ICU beds', '102,794 hospital beds']",
Italy,04-06-2020 21:09,https://www.washingtonexaminer.com/news/china-makes-italy-buy-back-its-personal-protective-gear-during-coronavirus-pandemic-report,China makes Italy buy back its personal protective gear during coronavirus pandemic: Report,,"['16,000 ventilators']",,
South Africa,,https://qz.com/africa/1832066/coronavirus-covid-19-testing-in-south-africa-leads-continent/,South Africa is leading the continent’s coronavirus testing challenge boosted by private labs,"['306 tests', '1,500 tests', '36,000 tests']",,,
South Africa,04-06-2020 00:00,https://nypost.com/2020/04/06/south-africas-tb-hiv-history-prepares-it-for-virus-testing/,"South Africa’s history of TB, HIV prepares country for coronavirus testing","['5,000 tests']",,,
South Africa,,https://businesstech.co.za/news/government/387851/south-africa-is-not-doing-enough-coronavirus-testing-heres-what-government-plans-to-do-about-it/,South Africa is not doing enough coronavirus testing – here’s what government plans to do about it,"['50,000 tests', '460,000 tests', '19 tests', '300,000 tests', '5,000 tests']",,,
Myanmar,,https://www.aljazeera.com/news/2020/04/fears-coronavirus-catastrophe-myanmar-reports-death-200401073723812.html,Fears of coronavirus catastrophe as Myanmar reports first death,['300 tests'],,,
Myanmar,04-06-2020 15:58,https://www.irrawaddy.com/specials/myanmar-covid-19/myanmar-pharma-firm-donates-device-massively-increase-covid-19-testing.html,Myanmar Pharma Firm Donates Device to Massively Increase COVID-19 Testing,"['80 tests', '1,400 tests']",,,
Myanmar,03-25-2020 09:28,https://www.reuters.com/article/us-health-coronavirus-myanmar/myanmar-reports-first-cases-of-coronavirus-idUSKBN21B0HB,Myanmar reports first cases of coronavirus,['300 tests'],,,
Myanmar,,https://aecnewstoday.com/2020/myanmar-morning-news-for-april-7-2/,Myanmar morning news for April 7,"['80 tests', '1,400 tests']",,,
Myanmar,04-06-2020 18:23,https://www.irrawaddy.com/specials/myanmar-covid-19/myanmars-kbz-bank-donates-nearly-1m-coronavirus-efforts.html,Myanmar's KBZ Bank Donates Nearly $1M to Coronavirus Efforts,,,,"['600,000 surgical masks', '700,000 surgical masks']"
Myanmar,04-06-2020 15:58,https://www.irrawaddy.com/specials/myanmar-covid-19/myanmar-pharma-firm-donates-device-massively-increase-covid-19-testing.html,Myanmar Pharma Firm Donates Device to Massively Increase COVID-19 Testing,"['80 tests', '1,400 tests']",,,
Myanmar,04-06-2020 20:50,https://www.irrawaddy.com/specials/myanmar-covid-19/latest-covid-19-developments-myanmar-april-6-2020.html,"Latest COVID-19 Developments in Myanmar: April 6, 2020",,,,"['600,000 surgical masks', '700,000 surgical masks']"
Kenya,,https://www.standardmedia.co.ke/article/2001366028/covid-19-number-of-icu-beds-in-kenya,Covid-19: Number of ICU beds in Kenya : The Standard,,,['11 ICU beds'],
Colombia,04-06-2020 01:07,https://thebogotapost.com/coronavirus-in-colombia-april-5-update/45624/,Coronavirus in Colombia: April 5 update,"['23,000 tests']",,,
Colombia,03-30-2020 11:00,https://colombiareports.com/uncertainty-in-colombia-over-coronavirus-after-testing-machine-goes-kaput/,Uncertainty in Colombia over coronavirus after testing machine goes kaput,"['1,600 tests', '100 tests']",,,
Colombia,03-31-2020 01:14,https://thebogotapost.com/coronavirus-cases-in-colombia-march-30-update/44993/,Coronavirus cases in Colombia: March 30 update,"['300,000 tests']",,,
Colombia,03-29-2020 01:15,https://thebogotapost.com/coronavirus-in-colombia-march-28-update/44939/,Coronavirus in Colombia: March 28 update,,,"['16,000 ICU beds']",
Colombia,04-06-2020 12:00,https://colombiareports.com/colombias-weak-spots-that-could-undo-initial-coronavirus-contingency-success/,The threats that could undo Colombia’s initial coronavirus contingency success,['209 tests'],"['8,000 ventilators']",,
Colombia,03-23-2020 21:27,https://www.reuters.com/article/us-health-coronavirus-colombia/in-battle-against-coronavirus-colombia-transforms-military-hospital-idUSKBN21A3IT,"In battle against coronavirus, Colombia transforms military hospital",,,"['84,500 hospital beds']",
Colombia,03-29-2020 01:15,https://thebogotapost.com/coronavirus-in-colombia-march-28-update/44939/,Coronavirus in Colombia: March 28 update,,,"['16,000 ICU beds']",
Spain,04-06-2020 11:55,https://www.rte.ie/news/2020/0406/1128795-spain-to-widen-testing-for-covid-19-as-death-rate-drops/,Spain to widen testing for Covid-19 as death rate drops,"['240,000 test kits']",,,
Spain,,https://www.biospace.com/article/releases/new-covid-19-forecasts-for-europe-italy-and-amp-spain-have-passed-the-peak-of-their-epidemics-uk-early-in-its-epidemic-faces-a-fast-mounting-death-toll/,"New COVID-19 Forecasts for Europe: Italy & Spain have passed the peak of their epidemics; UK, early in its epidemic, faces a fast-mounting death toll",,"['20,862 ventilators']","['6,091 ICU beds', '1,090 ICU beds', '23,745 ICU beds', '118 ICU beds', '24,544 ICU beds', '799 ICU beds', '4,330 ICU beds', '102,794 hospital beds']",
Spain,03-20-2020 19:39,https://www.reuters.com/article/us-health-coronavirus-spain/spain-to-treat-thousands-of-coronavirus-patients-in-conference-hall-as-toll-tops-1000-idUSKBN2172KO,"Spain to treat thousands of coronavirus patients in conference hall as toll tops 1,000",,,"['5,500 hospital beds']",
Ukraine,04-04-2020 22:55,https://www.thedailybeast.com/trump-rages-at-critics-at-coronavirus-press-conference,Trump Veers Off to Attack Ukraine Whistleblower at Coronavirus Briefing,,"['40,000 ventilators']",,
Ukraine,03-30-2020 00:00,https://nypost.com/2020/03/30/ukraine-dusts-off-soviet-era-ventilator-designs-to-help-fight-coronavirus/,Ukraine dusts off Soviet-era ventilator designs to help fight coronavirus,,"['1,117 ventilators']",,
Sudan,04-01-2020 00:00,https://www.hrw.org/news/2020/04/01/sudan-should-not-let-covid-19-scuttle-transition,Sudan Should Not Let COVID-19 Scuttle Transition,,['80 ventilators'],,
Sudan,,https://www.voanews.com/science-health/coronavirus-outbreak/quarantine-challenges-leave-sudan-vulnerable-amid-covid-spread,Quarantine Challenges Leave Sudan Vulnerable Amid COVID Spread,"['20,000 test kits']",,,
Iraq,,https://www.aljazeera.com/news/2020/04/iraq-denies-coronavirus-news-report-suspends-reuters-licence-200403084708197.html,Iraq denies coronavirus news report; suspends Reuters' licence,"['4,500 tests']",,,
Iraq,03-31-2020 00:00,http://www.xinhuanet.com/english/2020-03/31/c_138932451.htm,Feature: New Chinese-built PCR lab relieves COVID-19 testing pressure in Iraq - Xinhua,['720 tests'],,,
Afghanistan,04-02-2020 00:00,https://theintercept.com/2020/04/02/coronavirus-afghanistan/,"With Fake Hand Sanitizer and 12 Ventilators, Afghanistan Expects Millions of Coronavirus Cases","['1,807 tests']",,,
Afghanistan,,https://www.aljazeera.com/news/2020/04/taliban-launches-campaign-afghanistan-fight-coronavirus-200406055113086.html,Taliban launches campaign to help Afghanistan fight coronavirus,['135 tests'],,,
Afghanistan,03-13-2020 00:00,https://www.military.com/daily-news/2020/03/13/troops-afghanistan-have-coronavirus-symptoms-no-tests-congressman-says.html,"Troops in Afghanistan Have Coronavirus Symptoms but No Tests, Congressman Says","['5,000 tests']",,,
Afghanistan,04-02-2020 00:00,https://theintercept.com/2020/04/02/coronavirus-afghanistan/,"With Fake Hand Sanitizer and 12 Ventilators, Afghanistan Expects Millions of Coronavirus Cases","['1,807 tests']",,,
Afghanistan,,https://www.aljazeera.com/news/2020/04/taliban-launches-campaign-afghanistan-fight-coronavirus-200406055113086.html,Taliban launches campaign to help Afghanistan fight coronavirus,['135 tests'],,,
Poland,,https://www.thefirstnews.com/article/with-killer-virus-engulfing-europe-new-report-shows-poland-has-highest-number-of-hospital-beds-for-elderly-11505,"With killer virus engulfing Europe, new report shows Poland has highest number of hospital beds for elderly",,,['62 hospital beds'],
Poland,,https://www.thefirstnews.com/article/covid-19-peak-possible-in-2-3-weeks-in-poland-11232,COVID-19 peak possible in 2-3 weeks in Poland,,"['700 ventilators', '300 ventilators']","['10,000 hospital beds']",
Canada,03-19-2020 00:00,https://www.politico.com/news/2020/03/19/canada-has-tested-more-than-50-000-people-for-covid-19-is-that-enough-137028,"Canada has tested more than 50,000 people for Covid-19. Is that enough?","['76,000 tests']",,,
Canada,,https://globalnews.ca/news/6768573/coronavirus-canada-missing-covid-19-cases/,"Canada may be missing thousands of coronavirus cases, experts say","['650 tests', '9,000 tests']",,,
Canada,,https://www.bbc.com/news/world-us-canada-52161032,Coronavirus: US 'wants 3M to end mask exports to Canada and Latin America',,['95 respirators'],,
Canada,03-20-2020 20:09,https://www.reuters.com/article/us-health-coronavirus-canada-healthcare/canadas-stretched-hospitals-brace-for-impact-idUSKBN2173CL,Canada's stretched hospitals brace for impact,,,"['1,000 ICU beds']",
Canada,,https://globalnews.ca/news/6780715/coronavirus-canada-masks-reused/,"Coronavirus: Canada looking into disinfecting, reusing masks amid shortages, Tam says",,['95 respirators'],,
Morocco,03-29-2020 00:00,https://www.moroccoworldnews.com/2020/03/297940/morocco-buys-covid-19-diagnostic-kits-from-south-korean-distributor/,"Morocco Buys 100,000 COVID-19 Test Kits From South Korea","['2,125 tests']",,,
Morocco,03-27-2020 00:00,https://www.nytimes.com/reuters/2020/03/27/world/africa/27reuters-health-coronavirus-morocco.html,Morocco to Spend $200 Million to Brace Health System for Coronavirus,,['550 ventilators'],,
Morocco,,https://en.yabiladi.com/articles/details/91312/coronavirus-morocco-expands-number-equipped.html,"Coronavirus : Morocco expands the number of equipped hospital beds to 3,000","['100,000 test kits']",,,
Morocco,,http://medafricatimes.com/19644-covid-19-morocco-took-special-measures-to-cushion-economic-social-impact-of-pandemic.html,"COVID-19: Morocco took special measures to cushion economic, social impact of pandemic",,['550 ventilators'],,
Saudi Arabia,,https://reliefweb.int/report/world/who-saudi-arabia-join-forces-fight-covid-19-nationally-regionally-and-globally,"WHO, Saudi Arabia join forces to fight COVID-19 nationally, regionally and globally - World",,,['000 hospital beds'],
Uzbekistan,,https://www.rferl.org/a/covid-19-roundup-armenia-russia-iran/30515587.html,COVID-19: Uzbekistan Remains Under Lockdown; Iran Frees Prisoners Amid Pandemic,,"['300,000 respirators']",,
Malaysia,03-24-2020 00:00,https://www.usnews.com/news/world/articles/2020-03-24/malaysia-steps-up-coronavirus-tests-as-it-braces-for-worst-scenario,Malaysia Steps up Coronavirus Tests as It Braces for 'Worst Scenario',"['560 tests', '17,923 tests', '4,500 tests']",,,
Malaysia,03-27-2020 11:34,https://www.reuters.com/article/us-health-coronavirus-malaysia/malaysia-mulls-buying-coronavirus-test-kits-from-south-korea-as-tally-rises-idUSKBN21E18U,Malaysia mulls buying coronavirus test kits from South Korea as tally rises,"['30,948 tests']",,,
Malaysia,04-06-2020 00:00,https://www.thestar.com.my/news/nation/2020/04/06/first-shipment-of-28-icu-beds-from-china-arrives-in-malaysia,First shipment of 28 ICU beds from China arrives in Malaysia,,,"['100 ICU beds', '28 ICU beds', '72 ICU beds']",
Yemen,04-01-2020 20:55,https://slate.com/news-and-politics/2020/04/yemens-civil-war-could-create-a-coronavirus-catastrophe.html,Yemen’s civil war could create a coronavirus catastrophe.,,['500 ventilators'],['700 ICU beds'],
Yemen,,https://www.emergency-live.com/news/covid-19-too-few-ventilators-in-gaza-syria-and-yemen-save-the-children-warns/,"COVID-19, too few ventilators in Gaza, Syria and Yemen. Save the Children warns",,['730 ventilators'],,
Yemen,04-01-2020 20:55,https://slate.com/news-and-politics/2020/04/yemens-civil-war-could-create-a-coronavirus-catastrophe.html,Yemen’s civil war could create a coronavirus catastrophe.,,['500 ventilators'],['700 ICU beds'],
Yemen,04-05-2020 14:21,https://theowp.org/the-united-states-cuts-health-care-aid-to-yemen-despite-concerns-during-the-covid-19-pandemic/,The United States Cuts Health Care Aid To Yemen Despite Concerns During The COVID-19 Pandemic,['500 tests'],['500 ventilators'],['700 ICU beds'],
Yemen,,https://reliefweb.int/report/yemen/more-15-million-children-and-their-families-yemen-syria-and-gaza-set-face-covid-19,"More than 15 million children and their families in Yemen, Syria and Gaza set to face COVID-19 with fewer than 1,700 ventilators and beds - Yemen",,"['730 ventilators', '62 ventilators', '500 ventilators', '153 ventilators']","['70 ICU beds', '30 ICU beds', '700 ICU beds']",
Ghana,,https://www.ghanaweb.com/GhanaHomePage/NewsArchive/China-rescues-Ghana-in-coronavirus-fight-915868,China rescues Ghana in coronavirus fight,,,,"['30,000 Personal Protective Equipment']"
Ghana,04-06-2020 13:21,https://www.journalducameroun.com/en/ghana-to-produce-3-6m-ppe-locally-president-nana-addo/,Ghana to produce 3.6m PPE locally – President Nana Addo,,['95 respirators'],,
Nepal,03-31-2020 00:00,https://foreignpolicy.com/2020/03/31/lockdown-virus-nepal-coronavirus-economic-crash/,Nepal May Escape the Coronavirus but Not the Crash,"['4,000 tests']",,,
Nepal,03-31-2020 00:00,https://foreignpolicy.com/2020/03/31/lockdown-virus-nepal-coronavirus-economic-crash/,Nepal May Escape the Coronavirus but Not the Crash,"['4,000 tests']",,,
Nepal,,https://thediplomat.com/2020/04/nepal-cannot-fight-coronavirus-alone/,Nepal Cannot Fight Coronavirus Alone,"['20,064 test kits']",,,"['100,200 N95 masks']"
Nepal,,https://thediplomat.com/2020/03/coronavirus-geopolitics-and-nepal-between-great-powers/,"Coronavirus, Geopolitics, and Nepal Between Great Powers","['210,000 test kits']",,,
Venezuela,,https://www.miamiherald.com/news/nation-world/world/americas/venezuela/article241632156.html,Venezuelan migrants in the region feel the pain of the coronavirus,,,['90 ICU beds'],
Venezuela,04-07-2020 02:08,https://theunionjournal.com/venezuela-faces-two-viruses-international/,Venezuela faces two viruses,,,"['100,000 hospital beds']",
Venezuela,03-24-2020 00:00,https://www.nytimes.com/2020/03/24/opinion/venezuela-coronavirus.html,"Opinion | Whenever I Throw Away a Mask, I Think of Venezuela and I Freak Out",['20 tests'],,,
North Korea,04-04-2020 00:00,https://www.latimes.com/world-nation/story/2020-04-04/north-koreas-official-coronavirus-count-zero-why-that-claim-is-hard-to-believe,North Korea’s official coronavirus count: Zero. Why that claim is hard to believe,['60 tests'],,,
North Korea,03-31-2020 00:00,https://www.nytimes.com/2020/03/31/world/asia/north-korea-coronavirus.html,North Korea Claims No Coronavirus Cases. Can It Be Trusted?,['300 tests'],,,
Cameroon,04-07-2020 00:00,https://www.africanews.com/2020/04/07/coronavirus-updates-across-africa-africanews-hub/,"Coronavirus: Malawi's first death, patients give birth in Cameroon, Uganda",,['500 ventilators'],,
Cameroon,03-26-2020 00:00,https://www.africanews.com/2020/03/26/coronavirus-hub-impact-of-outbreak-across-africa/,"Coronavirus: Zimbabwe beer ban U-turn, AU leaders meet, Cameroon tally booms","['20,000 tests', '9,315 tests', '30,000 tests']",,,
Cameroon,04-03-2020 00:00,https://www.africanews.com/2020/04/03/coronavirus-hub-impact-of-outbreak-across-africa/,"Coronavirus: Zimbabwe beer ban U-turn, AU leaders meet, Cameroon tally booms","['20,000 tests', '9,315 tests', '30,000 tests']",,,
Cameroon,,https://www.businessincameroon.com/health/2403-10124-coronavirus-cameroon-plans-mass-testing,Coronavirus: Cameroon plans mass testing,"['20,000 test kits']",,,
Australia,04-07-2020 00:00,https://www.theguardian.com/australia-news/2020/apr/07/can-i-get-tested-for-coronavirus-in-australia-a-state-by-state-breakdown,Can I get tested for coronavirus in Australia? A state-by-state breakdown,['19 tests'],,,
Australia,03-12-2020 00:00,https://www.nytimes.com/2020/03/12/world/australia/tom-hanks-rita-wilson-coronavirus.html,"Tom Hanks Got Sick in Australia, Where Coronavirus Testing Isn’t Such a Hassle",['642 tests'],,,
Australia,03-25-2020 00:00,https://www.theguardian.com/world/2020/mar/25/australian-health-authorities-ask-universities-to-hunt-down-coronavirus-testing-material,Australian health authorities ask universities to hunt down coronavirus testing material,['19 tests'],,,
Australia,03-31-2020 08:01,https://www.reuters.com/article/us-health-coronavirus-australia/australias-coronavirus-infection-rate-shows-sustained-slowdown-idUSKBN21H3IM,"Growth in Australia coronavirus cases slows, but experts urge caution",,"['5,000 ventilators']","['34,000 hospital beds']",
Australia,04-05-2020 00:00,https://www.theguardian.com/australia-news/2020/apr/05/like-preparing-for-war-australias-hospitals-brace-for-coronavirus-peak,'Like preparing for war': Australia's hospitals brace for coronavirus peak,,['50 ventilators'],,
Australia,03-20-2020 02:56,http://theconversation.com/how-well-avoid-australias-hospitals-being-crippled-by-coronavirus-133920,How we’ll avoid Australia’s hospitals being crippled by coronavirus,,,"['2,200 ICU beds']",
Australia,04-05-2020 00:00,https://www.theguardian.com/world/2020/apr/05/manufacturing-face-shields-mat-bowtell-3d-printing-australia-fight-coronavirus,Manufacturing face shields within days: how Australian industry is pivoting to fight coronavirus,,"['2,300 ventilators']",,
Taiwan,03-10-2020 00:00,https://www.usnews.com/news/best-countries/articles/2020-03-10/lessons-learned-from-taiwans-response-to-coronavirus,Lessons Learned From Taiwan’s Response to Coronavirus,,,"['100,000 hospital beds']",
Sri Lanka,04-02-2020 00:00,https://www.wsws.org/en/articles/2020/04/02/slco-a02.html,Sri Lankan medical experts demand mass coronavirus testing,"['2,082 tests']",,,
Sri Lanka,,https://www.thehindu.com/news/international/coronavirus-sri-lanka-needs-to-scale-up-testing-say-govt-doctors/article31231510.ece,"Coronavirus | Sri Lanka needs to scale up testing, say govt. doctors","['2,500 tests']",,,
Sri Lanka,04-07-2020 00:00,https://www.newsfirst.lk/2020/04/07/sri-lanka-to-step-up-covid-19-testing-amidst-mounting-requests/,Sri Lanka to step up COVID – 19 testing amidst mounting requests,"['150 tests', '1,500 tests', '3500 tests', '19 tests']",,,
Sri Lanka,03-28-2020 00:00,https://www.wsws.org/en/articles/2020/03/28/slvi-m28.html,Sri Lankan doctors speak out over coronavirus dangers facing health workers,,,['500 ICU beds'],
Sri Lanka,,https://www.aljazeera.com/news/2020/03/coronavirus-pandemic-sri-lanka-extends-curfew-worst-hit-areas-200323113601372.html,Sri Lanka extends nationwide curfew to fight coronavirus pandemic,,,['38 ICU beds'],
Sri Lanka,03-28-2020 00:00,https://www.wsws.org/en/articles/2020/03/28/slvi-m28.html,Sri Lankan doctors speak out over coronavirus dangers facing health workers,,,['500 ICU beds'],
Mali,03-23-2020 17:45,https://news.yahoo.com/mali-fears-woefully-unprepared-coronavirus-172010138.html,Mali fears it is woefully unprepared for coronavirus,"['2,000 test kits', '143 tests']",,,
Mali,03-23-2020 21:00,https://www.news24.com/Africa/News/mali-disputes-lack-of-ventilator-reports-20200323,Mali disputes lack of ventilator reports,,['41 ventilators'],,
Romania,,https://www.romania-insider.com/coronavirus-romaia-doctors-protective-equipment-tests,"Coronavirus in Romania: Doctors complain about lack of protection equipment, Covid-19 tests",['19 tests'],,,
Romania,,https://www.romania-insider.com/ro-1500-ventilators-march-2020,"Romania enters fourth stage of Covid-19 epidemic with 1,500 ventilators",,"['2,000 ventilators', '2,816 ventilators', '1,500 ventilators']",,
Romania,,https://www.romania-insider.com/ro-war-medical-supplies,Govt. official says Romania is fighting over Covid-19 medical supplies,,['400 ventilators'],,
Romania,,https://www.romania-insider.com/coronavirus-fundraising-campaigns-romania,"Lending a helping hand: Romanian NGOs, individuals are raising donations for fight against coronavirus",['19 tests'],,,
Romania,04-02-2020 08:56,https://www.euractiv.com/section/coronavirus/news/no-gloves-no-masks-romania-medical-workers-fear-for-lives-in-virus-fight/,"‘No gloves, no masks’: Romania medical workers fear for lives in virus fight",,,"['5,111 ICU beds']",
Romania,,https://www.romania-insider.com/ro-eu-stockpile-ventilators,Romania to host EU stockpile of medical equipment,,['150 ventilators'],,
Malawi,04-07-2020 00:00,https://www.africanews.com/2020/04/07/coronavirus-updates-across-africa-africanews-hub/,"Coronavirus: Malawi's first death, patients give birth in Cameroon, Uganda",,['500 ventilators'],,
Kazakhstan,,https://kazakh-tv.kz/en/view/health/page_210053_new-covid19-testing-labs-to-be-opened-in-kazakhstan,New COVID-19 Testing Labs to be Opened in Kazakhstan,"['300,000 tests', '6,000 tests', '21,000 tests']",,,
Kazakhstan,,https://www.rferl.org/a/in-sparsely-hit-central-asia-kazakh-coronavirus-infections-rise-to-six-first-uzbek-case/30488671.html,COVID-19: First Uzbek Case Recorded As Kazakhstan Declares State Of Emergency,,,"['110,000 hospital beds']",
Kazakhstan,04-04-2020 00:00,https://caspiannews.com/news-detail/covid-19-kazakhstans-defense-factories-switch-to-make-medical-gear-2020-4-4-56/,COVID-19: Kazakhstan’s Defense Factories Switch To Make Medical Gear,,['95 respirators'],,
Zambia,04-07-2020 00:00,https://zambiareports.com/2020/04/07/no-new-covid-19-cases-zambia/,No New Covid-19 Cases for Zambia,['104 tests'],,,
Ecuador,04-03-2020 00:13,https://www.mercurynews.com/coronavirus-families-wait-for-their-dead-in-ecuador-as-bodies-pile-up,Coronavirus: Families wait for their dead in Ecuador as bodies pile up,,['175 ventilators'],,
Ecuador,04-02-2020 00:00,https://www.nytimes.com/aponline/2020/04/02/world/americas/ap-virus-outbreak-ecuador.html,"In Ecuador, Families Wait With Their Dead as Bodies Pile Up",,['175 ventilators'],,
Netherlands,04-06-2020 00:00,https://nltimes.nl/2020/04/06/netherlands-expanding-covid-19-testing-today,Netherlands expanding Covid-19 testing from today,"['17,500 tests']",,,
Netherlands,,https://www.foxnews.com/world/netherlands-becomes-latest-country-to-reject-china-made-coronavirus-test-kits-gear,"Netherlands becomes latest country to reject China-made coronavirus test kits, gear",,['950 ventilators'],,
Syria,04-02-2020 00:00,https://www.washingtonpost.com/politics/2020/04/02/syrias-civil-war-will-make-fighting-coronavirus-particularly-difficult/,How will Syria handle covid-19?,"['2,000 tests', '300 test kits']","['500 respirators', '11 ventilators']",,
Syria,,https://www.middleeasteye.net/news/coronavirus-who-syria-testing-start-days-idlib,Coronavirus: WHO says testing to start within days in Syria's Idlib,"['2,000 tests']",,,"['10,000 surgical masks']"
Syria,,https://reliefweb.int/report/syrian-arab-republic/covid-19-preparedness-and-response-northwest-syria-situation-report-1,COVID-19 preparedness and response for Northwest Syria - Situation Report as of 1 April 2020 - Syrian Arab Republic,"['5,000 tests']",['90 ventilators'],,
Syria,03-20-2020 00:00,https://www.npr.org/sections/coronavirus-live-updates/2020/03/20/818847099/the-challenges-of-preparing-for-coronavirus-in-syria,The Challenges Of Preparing For Coronavirus In Syria,['103 tests'],,['200 ICU beds'],"['10,000 surgical masks']"
Syria,,https://www.aljazeera.com/news/2020/03/war-torn-syria-braces-lockdown-virus-case-200323145356045.html,War-torn Syria braces for lockdown after first virus case,"['2,000 tests']",,,"['10,000 surgical masks']"
Syria,03-23-2020 22:25,https://www.reuters.com/article/us-health-coronavirus-syria/shattered-by-years-of-war-syria-braces-for-coronavirus-spread-idUSKBN21A39M,"Shattered by years of war, Syria braces for coronavirus spread",['300 test kits'],['175 ventilators'],,
Syria,04-06-2020 05:21,https://www.al-monitor.com/pulse/originals/2020/04/coronavirus-concerns-pause-aid-work-northeast-syria.html,"Amid coronavirus concerns, some US-funded aid work paused in northeast Syria",,['11 ventilators'],,
Syria,03-20-2020 00:00,https://www.npr.org/sections/coronavirus-live-updates/2020/03/20/818847099/the-challenges-of-preparing-for-coronavirus-in-syria,The Challenges Of Preparing For Coronavirus In Syria,['103 tests'],,['200 ICU beds'],"['10,000 surgical masks']"
Syria,,https://www.aljazeera.com/news/2020/03/war-torn-syria-braces-lockdown-virus-case-200323145356045.html,War-torn Syria braces for lockdown after first virus case,"['2,000 tests']",,,"['10,000 surgical masks']"
Syria,03-20-2020 00:00,https://www.npr.org/sections/coronavirus-live-updates/2020/03/20/818847099/the-challenges-of-preparing-for-coronavirus-in-syria,The Challenges Of Preparing For Coronavirus In Syria,['103 tests'],,['200 ICU beds'],"['10,000 surgical masks']"
Syria,,https://www.plenglish.com/index.php?o=rn&id=54318&SEO=syria-applies-own-treatment-to-fight-covid-19,Syria applies own treatment to fight Covid-19,,,"['25,000 hospital beds']",
Syria,03-26-2020 00:00,https://www.cnn.com/2020/03/26/middleeast/syria-idlib-coronavirus-intl/index.html,"Rebel-held Syria braces for coronavirus 'tsunami' -- without soap, running water or the prospect of social distancing",['300 tests'],,['200 ICU beds'],
Syria,03-28-2020 00:00,https://www.euronews.com/2020/03/28/at-least-100-000-could-die-from-covid-19-in-syria-warn-ngos,"At least 100,000 could die from COVID-19 in Syria, warn NGOs",['900 tests'],,['105 ICU beds'],
Syria,,https://reliefweb.int/report/syrian-arab-republic/covid-19-preparedness-and-response-northwest-syria-situation-report-1,COVID-19 preparedness and response for Northwest Syria - Situation Report as of 1 April 2020 - Syrian Arab Republic,"['5,000 tests']",['90 ventilators'],,
Senegal,,https://www.aljazeera.com/news/2020/03/senegal-10-minute-coronavirus-test-1-200327053901231.html,Senegal: 10-minute coronavirus test may be on its way - for $1,"['1,000 test kits']",,,
Zimbabwe,04-07-2020 10:03,https://allafrica.com/stories/202004070408.html,Zimbabwe: What Goes On Inside Zimbabwe's Only Approved COVID-19 Testing Laboratory,['19 tests'],,,
Zimbabwe,04-03-2020 00:00,https://www.africanews.com/2020/04/03/coronavirus-hub-impact-of-outbreak-across-africa/,"Coronavirus: Zimbabwe beer ban U-turn, AU leaders meet, Cameroon tally booms","['20,000 tests', '9,315 tests', '30,000 tests']",,,
Zimbabwe,03-26-2020 00:00,https://www.africanews.com/2020/03/26/coronavirus-hub-impact-of-outbreak-across-africa/,"Coronavirus: Zimbabwe beer ban U-turn, AU leaders meet, Cameroon tally booms","['20,000 tests', '9,315 tests', '30,000 tests']",,,
Zimbabwe,04-01-2020 07:47,https://allafrica.com/stories/202004010191.html,"Zimbabwe: Over 15,000 Zim Returnees Dodge COVID-19 Testing",['200 tests'],,,
Zimbabwe,,https://abcnews.go.com/International/wireStory/zimbabwe-win-coronavirus-win-starvation-69868090,"In Zimbabwe, 'you win coronavirus or you win starvation'",,['20 ventilators'],,
Zimbabwe,04-06-2020 00:00,https://www.zimlive.com/2020/04/06/masiyiwa-to-donate-45-ventilators-to-zimbabwe-in-coronavirus-fight/,Masiyiwa to donate 45 ventilators to Zimbabwe in coronavirus fight,,['45 ventilators'],,
Guinea,03-30-2020 00:00,https://www.theguardian.com/world/2020/mar/30/papua-new-guinea-is-not-prepared-4000-nurses-to-strike-over-covid-19-readiness,"'Papua New Guinea is not prepared': 4,000 nurses to strike over Covid-19 readiness","['200 tests', '700 tests']",,,
Guinea,03-30-2020 00:00,https://www.theguardian.com/world/2020/mar/30/papua-new-guinea-is-not-prepared-4000-nurses-to-strike-over-covid-19-readiness,"'Papua New Guinea is not prepared': 4,000 nurses to strike over Covid-19 readiness","['200 tests', '700 tests']",,,
Belgium,04-05-2020 11:32,https://www.brusselstimes.com/all-news/belgium-all-news/104789/coronavirus-belgium-reaches-19961-confirmed-cases/,"Coronavirus: 19,691 confirmed cases in Belgium",,,"['5,735 hospital beds']",
Cuba,,https://www.miamiherald.com/news/nation-world/world/americas/cuba/article241115931.html,Cuba reports first three cases of coronavirus,,,"['3,000 hospital beds']",
Haiti,,https://www.miamiherald.com/news/nation-world/world/americas/haiti/article241797766.html,"With its first COVID-19 death, Haiti to get rapid testing","['1,000 tests', '200 tests', '257 tests', '800 tests']",,,
Haiti,04-07-2020 00:00,https://www.bet.com/news/global/2020/04/07/rapid-testing-coronavirus-haiti.html,"Organization To Do Rapid Coronavirus Testing In Haiti, Despite Controversy",['200 tests'],,,
Haiti,,https://www.miamiherald.com/news/nation-world/world/americas/haiti/article241754611.html,COVID-19 risks collapsing Haiti’s fragile health system,"['4,000 tests']",,,
Haiti,03-30-2020 00:00,https://thegrayzone.com/2020/03/30/haiti-disaster-coronavirus-us/,Haiti on the precipice as coronavirus and US-imposed leadership take their toll,,['64 ventilators'],['130 ICU beds'],
Haiti,04-03-2020 00:00,https://consortiumnews.com/2020/04/03/covid-19-haiti-on-precipice-as-virus-and-us-imposed-leadership-take-their-toll/,COVID-19: Haiti on Precipice as Virus and US-Imposed Leadership Take Their Toll,,['64 ventilators'],['130 ICU beds'],
Haiti,04-01-2020 00:00,https://www.counterpunch.org/2020/04/01/covid-19-in-haiti-the-current-response-and-challenges/,COVID-19 in Haiti: the Current Response and Challenges,['58 tests'],['64 ventilators'],['124 ICU beds'],
Haiti,03-30-2020 00:00,https://thegrayzone.com/2020/03/30/haiti-disaster-coronavirus-us/,Haiti on the precipice as coronavirus and US-imposed leadership take their toll,,['64 ventilators'],['130 ICU beds'],
Haiti,,https://www.miamiherald.com/news/nation-world/world/americas/haiti/article241797766.html,"With its first COVID-19 death, Haiti to get rapid testing","['1,000 tests', '200 tests', '257 tests', '800 tests']",,,
Portugal,,https://www.themayor.eu/en/porto-opens-first-coronavirus-drive-thru-testing-centre-in-portugal,Porto opens first coronavirus drive-thru testing centre in Portugal,['400 tests'],,,
Portugal,04-07-2020 00:00,http://www.xinhuanet.com/english/2020-04/07/c_138952457.htm,China will continue its support to Portugal in fighting COVID-19: ambassador - Xinhua,,['100 ventilators'],,"['632,000 medical masks', '135,000 N95 masks']"
Portugal,03-24-2020 17:06,https://www.explica.co/cristiano-ronaldo-and-jorge-mendes-finance-35-icu-places-to-fight-the-coronavirus-in-portugal/,Cristiano Ronaldo and Jorge Mendes finance 35 ICU places to fight the coronavirus in Portugal,,,"['10 ICU beds', '15 ICU beds']",
Azerbaijan,,https://menafn.com/1099982319/President-Ilham-Aliyev-All-measures-taken-in-Azerbaijan-so-far-have-produced-desired-effect,President Ilham Aliyev: All measures taken in Azerbaijan so far have produced desired effect,"['45,000 tests']",,,
Sweden,03-16-2020 20:46,https://www.reuters.com/article/us-health-coronavirus-getinge-ventilator/swedens-getinge-to-deliver-500-ventilators-to-italy-as-demand-rockets-idUSKBN2133NL,Sweden's Getinge to deliver 500 ventilators to Italy as demand rockets,,"['5,000 ventilators', '500 ventilators']",,
Belarus,04-07-2020 09:02,https://eng.belta.by/society/view/belarus-has-over-20000-coronavirus-testing-kits-129571-2020/,"Belarus has over 20,000 coronavirus testing kits",['700 tests'],,,
Belarus,04-06-2020 11:53,https://eng.belta.by/society/view/russia-donates-10000-coronavirus-testing-kits-to-belarus-129544-2020/,"Russia donates 10,000 coronavirus testing kits to Belarus","['10,000 tests']",,,
Belarus,04-07-2020 16:28,https://eng.belta.by/society/view/over-7000-hospital-beds-for-coronavirus-patients-in-belarus-129593-2020/,"Over 7,000 hospital beds for coronavirus patients in Belarus",,,"['7,000 hospital beds']",
Papua New Guinea,03-30-2020 00:00,https://www.theguardian.com/world/2020/mar/30/papua-new-guinea-is-not-prepared-4000-nurses-to-strike-over-covid-19-readiness,"'Papua New Guinea is not prepared': 4,000 nurses to strike over Covid-19 readiness","['200 tests', '700 tests']",,,
Papua New Guinea,03-30-2020 00:00,https://www.theguardian.com/world/2020/mar/30/papua-new-guinea-is-not-prepared-4000-nurses-to-strike-over-covid-19-readiness,"'Papua New Guinea is not prepared': 4,000 nurses to strike over Covid-19 readiness","['200 tests', '700 tests']",,,
Serbia,,https://tass.com/world/1140913,"Serbia’s coronavirus death toll rises to 58, 2,200 infections reported",['292 tests'],,,
Switzerland,04-01-2020 00:00,https://www.nytimes.com/reuters/2020/04/01/world/europe/01reuters-health-coronavirus-swiss-tests.html,Switzerland Past Bottleneck in Coronavirus Testing: Government,"['16,000 tests']",,,
Switzerland,04-07-2020 09:59,https://www.swissinfo.ch/eng/coronavirus-crisis-_has-switzerland-got-enough-hospital-beds--/45671704,Has Switzerland got enough hospital beds?,,['900 ventilators'],,
Israel,03-20-2020 00:00,https://www.middleeastmonitor.com/20200320-where-did-israels-mossad-get-100000-coronavirus-testing-kits-from/,"Where did Israel’s Mossad get 100,000 coronavirus testing kits from?","['100,000 test kits']",,,
Israel,,https://www.haaretz.com/israel-news/.premium-coronavirus-testing-rate-in-israel-to-remain-low-during-passover-1.8749057,Coronavirus Testing Rate in Israel to Remain Low During Passover,"['10,000 tests', '8,500 tests']",,,
Israel,,https://www.haaretz.com/israel-news/.premium-israel-to-make-reagents-after-sharp-drop-in-coronavirus-testing-rate-1.8743062,"Israel to Locally Produce Compound for Coronavirus Screening, After Drop in Testing Rate","['7,000 tests', '10,000 tests', '103,703 tests', '30,000 tests']",,,
Israel,,https://www.haaretz.com/israel-news/.premium-coronavirus-in-israel-fewer-tests-done-as-supplies-run-short-1.8740385,"Israel Slashes Coronavirus Tests as Supply From Germany, South Korea Runs Short","['10,000 tests', '30,000 tests']",,,
Israel,04-06-2020 00:00,https://www.algemeiner.com/2020/04/06/a-100-kilometer-commute-to-save-israels-aging-ventilator-machines/,A 100-Kilometer Commute to Save Israel’s Aging Ventilator Machines,,"['2,000 ventilators', '26 ventilators']",,
Israel,,https://www.jpost.com/israel-news/when-it-comes-to-coronavirus-could-israel-be-italy-622955,Coronavirus: The truth about Israel's ventilators,,"['30 ventilators', '2,864 ventilators', '11,000 ventilators', '56 ventilators', '114 ventilators', '191 ventilators', '3,000 ventilators']",,
Israel,,https://www.jpost.com/israel-news/coronavirus-rothschild-foundation-donates-nis-50m-to-israel-hospitals-623858,Coronavirus: Rothschild Foundation donates NIS 50m. to Israeli hospitals,,,['150 ICU beds'],
Israel,,https://www.jpost.com/Israel-News/Coronavirus-Rothschild-Foundation-donates-NIS-50m-to-Israel-hospitals-623858,Coronavirus: Rothschild Foundation donates NIS 50m. to Israeli hospitals,,,['150 ICU beds'],
Israel,,https://time.com/5814944/gaza-covid19-israel-palestinians/,Israel's Blockade Has Kept the Worst of the Coronavirus Out of Gaza. It Might Keep Aid Out Too,,['100 ventilators'],['120 ICU beds'],
Israel,04-01-2020 00:00,https://www.usnews.com/news/world/articles/2020-04-01/the-latest-experts-say-virus-could-kill-up-to-240-000-in-us,The Latest: Israel's Health Minister Has New Coronavirus,,"['1,000 ventilators', '10,000 ventilators']",,
Sierra Leone,03-31-2020 00:00,http://www.rfi.fr/en/international/20200331-no-lockdown-yet-as-sierra-leone-records-first-case-of-covid-19,No lockdown yet as Sierra Leone records first case of Covid-19,"['100 tests', '40 tests']",,,
Sierra Leone,03-20-2020 00:00,http://www.rfi.fr/en/international/20200320-sierra-leone-braces-as-coronavirus-spreads-through-west-africa-ebola-outbreak-covid-19-julius-maada-bio,Sierra Leone braces as coronavirus spreads through West Africa,['40 tests'],['95 respirators'],,"['1,000 surgical masks']"
Hong Kong,04-06-2020 00:00,https://week.com/2020/04/06/the-latest-south-korea-health-minister-urges-vigilance/,The Latest: Hong Kong to remain closed to foreigners,,,,"['368,000 N95 masks']"
Laos,,https://www.phnompenhpost.com/international/laos-getting-more-medical-supplies-covid-19-fight,Laos getting more medical supplies for Covid-19 fight,,,,"['6,000 N95 masks', '13,200 surgical masks']"
Bulgaria,,https://seenews.com/news/bulgaria-to-start-mass-covid-19-testing-orders-600000-pcr-400000-rapid-tests-692790,"Bulgaria to start mass COVID-19 testing, orders 600,000 PCR, 400,000 rapid tests",,['50 ventilators'],,
Lebanon,03-31-2020 19:49,https://www.arabnews.com/node/1650706/middle-east,Lebanon’s coronavirus crisis spurs race to tackle looming ventilator shortage,,['600 ventilators'],,
Lebanon,,https://www.unicef.org/press-releases/unicef-providing-supplies-and-technical-support-fight-covid-19-lebanon,UNICEF is providing supplies and technical support to fight COVID-19 in Lebanon,,['95 respirators'],,"['830,000 surgical masks']"
Lebanon,04-07-2020 00:00,https://www.middleeastmonitor.com/20200407-unicef-delivers-supplies-to-lebanons-coronavirus-response/,UNICEF delivers supplies to Lebanon’s coronavirus response,,,,"['830,000 surgical masks']"
Nicaragua,04-02-2020 00:48,https://havanatimes.org/opinion/nicaragua-needs-massive-testing-for-covid-19/,Nicaragua Needs Massive Testing for COVID-19,['200 tests'],,,
Nicaragua,04-07-2020 14:12,https://havanatimes.org/interviews/nicaragua-ortega-will-pay-the-bill-for-the-negligence-with-covid-19/,Nicaragua: Ortega “Will Pay the Bill” for the Negligence with Covid-19,"['100,000 tests', '19 tests']",,,
Nicaragua,04-07-2020 15:28,https://todaynicaragua.com/response-of-the-sandinista-regime-to-the-coronavirus-is-the-most-erratic-says-british-medical-journal/,TODAY NICARAGUANicaragua News and AnalysisResponse of the Sandinista regime to the coronavirus is the “most erratic” says British medical journal,,['160 ventilators'],,
Nicaragua,03-13-2020 16:52,https://havanatimes.org/features/nicaragua-and-coronavirus-government-silence-weakens-protection/,Nicaragua and Coronavirus: Government Silence Weakens Protection,,['79 ventilators'],['451 hospital beds'],
Kyrgyzstan,,https://eurasianet.org/kyrgyzstan-reports-first-coronavirus-linked-death,Kyrgyzstan reports first coronavirus-linked death,,['550 ventilators'],,
Kyrgyzstan,,https://eurasianet.org/kyrgyzstan-reports-first-coronavirus-linked-death,Kyrgyzstan reports first coronavirus-linked death,,['550 ventilators'],,
Turkmenistan,,https://www.9and10news.com/i/the-latest-turkmenistan-bans-use-of-word-coronavirus/,The Latest: Turkmenistan bans use of word ‘coronavirus’,,"['2,000 ventilators', '30 ventilators', '1,000 ventilators']",,
Singapore,03-31-2020 00:00,http://www.marketwatch.com/story/what-we-can-learn-from-south-korea-and-singapores-efforts-to-stop-coronavirus-in-addition-to-wearing-face-masks-2020-03-31,What we can learn from South Korea and Singapore’s efforts to stop coronavirus (besides wearing face masks),"['100,000 test kits']",,,
Singapore,,https://www.msn.com/en-us/money/companies/singapores-richest-man-gains-dollar35-billion-with-ventilators/ar-BB125tB9,Singapore’s Richest Man Gains $3.5 Billion With Ventilators,,"['3,000 ventilators']",,
Finland,,https://yle.fi/uutiset/osasto/news/thl_coronavirus_testing_in_finland_nearly_doubles_in_under_a_week/11293208,THL: Coronavirus testing in Finland nearly doubles in under a week,"['1,200 tests', '30,000 tests']",,,
Slovakia,03-26-2020 00:00,https://www.usnews.com/news/world/articles/2020-03-26/slovakias-new-government-to-sharply-ramp-up-coronavirus-testing,Slovakia's New Government to Sharply Ramp up Coronavirus Testing,"['4,751 tests']",,,
Norway,04-05-2020 00:00,https://www.telegraph.co.uk/news/2020/04/05/coronavirus-did-norway-manage-test-many-people/,Coronavirus: How did Norway manage to test so many people?,"['2,250 tests']",,,
Norway,03-31-2020 16:10,https://www.reuters.com/article/health-coronavirus-norway-pm/update-1-norway-pm-sees-positive-early-signs-in-fight-against-coronavirus-idUSL8N2BO6D9,UPDATE 1-Norway PM sees positive early signs in fight against coronavirus,,"['1,000 respirators']",,
Costa Rica,03-21-2020 00:00,https://ticotimes.net/2020/03/21/costa-rica-adds-just-four-more-known-coronavirus-cases-up-to-117-nationwide,Costa Rica adds just four more known coronavirus cases; up to 117 nationwide,['150 tests'],,,
Liberia,04-06-2020 00:09,https://frontpageafricaonline.com/letter-to-the-editor/liberias-government-covid-19-testing-have-been-flawed/,Liberia’s Government COVID-19 Testing Have Been Flawed,"['20,000 test kits']",,,
Liberia,03-25-2020 20:56,https://www.sahanjournal.com/immigration/report-from-the-front-lines-a-nursing-assistant-from-liberia-describes-what-its-like-to-work-in-healthcare-in-minnesota-during-the-covid-19-pandemic/,Report from the front lines: A nursing assistant from Liberia describes working during the COVID-19 pandemic,,,,['95 medical masks']
Ireland,,https://www.thejournal.ie/ireland-coronavirus-testing-5068982-Apr2020/,"Covid-19: Ireland is still way short of its testing targets, but where do we rank globally?","['8,663 tests', '3,199 tests', '42,484 tests', '6,165 tests', '12,271 tests', '15,000 tests', '213,181 tests']",,,
Ireland,,https://www.irishtimes.com/news/health/coronavirus-ireland-s-infection-peak-has-passed-but-death-toll-could-hit-400-by-may-report-says-1.4223259,"Coronavirus: Ireland’s infection peak has passed, but death toll could hit 400 by May, report says",,['125 ventilators'],"['88 ICU beds', '250 ICU beds']",
New Zealand,04-08-2020 00:00,https://www.theguardian.com/world/2020/apr/08/ardern-optimistic-as-new-zealand-records-lowest-number-of-covid-19-cases-for-two-weeks,Ardern optimistic as New Zealand records lowest number of Covid-19 cases for two weeks,"['4,098 tests']",,,
New Zealand,03-20-2020 00:00,https://www.theguardian.com/world/2020/mar/20/new-zealand-sees-biggest-daily-surge-in-coronavirus-cases-as-testing-increases,New Zealand sees biggest daily surge in coronavirus cases as testing increases,['524 tests'],,,
New Zealand,04-06-2020 00:00,https://www.wsws.org/en/articles/2020/04/06/mari-a06.html,New Zealand school at centre of escalating COVID-19 outbreak,"['40,000 tests', '500 tests']",,,
Croatia,,https://www.total-croatia-news.com/news/42661-covid-19-testing-in-croatia,How Does Amount of COVID-19 Testing in Croatia Compare Globally?,"['5,355 tests', '10,874 tests']",,,
Croatia,,https://www.total-croatia-news.com/editorial/42617-croatia-covid-19,"Croatia COVID-19 Health, Travel & Stats Live Updates April 7, 2020","['82 tests', '36 tests', '10847 tests', '11 tests', '298 tests', '118 tests', '74 tests']",,,
Croatia,,https://www.croatiaweek.com/latest-croatia-confirms-39-new-covid-19-cases-on-thursday/,LATEST: Croatia confirms 39 new COVID-19 cases on Thursday,['566 tests'],,,
Croatia,,https://www.total-croatia-news.com/editorial/42617-croatia-covid-19,"Croatia COVID-19 Health, Travel & Stats Live Updates April 7, 2020","['82 tests', '36 tests', '10847 tests', '11 tests', '298 tests', '118 tests', '74 tests']",,,
Georgia,04-06-2020 10:49,https://www.11alive.com/article/news/health/coronavirus/coronavirus-georgia-live-updates-on-april-6/85-7c6fbf89-c1a0-4b96-9e80-5a3c04f99103,Coronavirus in Georgia on April 6,"['2,497 tests', '1,000 tests', '28,777 tests']",,,
Georgia,,https://www.ajc.com/news/breaking-news/breaking-georgia-reports-more-coronavirus-deaths-cases-reach-818/5zgV6PrEkYAqTXLegJvpmJ/,TOP LOCAL STORY: 19 new coronavirus deaths brings Georgia’s toll near 350; cases top 9K,"['33,800 tests']",,,
Georgia,,https://www.ajc.com/news/local-govt--politics/georgia-playing-catch-coronavirus-testing/gl4wnmEeV9TAe4X3Lopk3O/,Georgia playing catch up in coronavirus testing,"['20,326 tests']",,,
Georgia,04-06-2020 00:00,https://www.news4jax.com/news/georgia/2020/04/06/first-2-covid-19-cases-reported-in-brantley-county-as-georgias-caseload-tops-7300/,"First 3 COVID-19 cases in Brantley County among more than 7,500 in Georgia","['1,000 tests', '31,274 tests']",,,
Georgia,04-06-2020 11:35,https://patch.com/georgia/atlanta/drive-thru-coronavirus-testing-site-set-georgia-tech,Drive-Thru Coronavirus Testing Site Set Up At Georgia Tech,"['1,000 tests']",,,
Georgia,04-07-2020 00:00,https://www.news4jax.com/news/georgia/2020/04/07/brantley-county-covid-19-death-among-329-total-reported-in-georgia/,"Brantley, Pierce County COVID-19 deaths among 348 total reported in Georgia","['1,000 tests', '33,785 tests']",,,
Georgia,,https://www.ajc.com/news/state--regional/georgia-doctors-plan-for-wrenching-choices-amid-slim-ventilator-supply/wQsxpHBZ4NADgosPKG182N/,Georgia doctors plan for wrenching choices amid slim ventilator supply,,"['20,000 ventilators']",,
Georgia,,https://www.fox5atlanta.com/news/georgia-adding-hospital-beds-medical-staffing-to-prepare-for-coronavirus-surge,"Georgia adding hospital beds, medical staffing to prepare for coronavirus surge",,,['300 hospital beds'],
Georgia,,https://www.motherjones.com/politics/2020/04/georgia-was-getting-the-hang-of-social-distancing-then-the-governors-shelter-in-place-came-along/,Georgia Was Getting the Hang of Social Distancing. Then the Governor’s Shelter-in-Place Came Along.,,,['14 ICU beds'],
Georgia,04-07-2020 19:30,https://www.washingtonexaminer.com/politics/ihme-model-now-forecasts-earlier-covid-19-peak-more-deaths-in-georgia,"IHME model now forecasts earlier COVID-19 peak, more deaths in Georgia",,,['643 ICU beds'],
Armenia,04-07-2020 00:00,https://en.armradio.am/2020/04/07/armenia-reports-20-new-cases-of-coronavirus-25-recover/,"Armenia reports 20 new cases of coronavirus, 25 recover – Public Radio of Armenia",,,"['1,400 hospital beds']",
Puerto Rico,,https://www.miamiherald.com/news/nation-world/world/americas/article241798951.html,Puerto Rico cancels order for 1 million COVID-19 tests,"['7,000 tests', '4,951 tests']",,,
Puerto Rico,,https://www.miamiherald.com/news/nation-world/world/americas/article241824361.html,A 40-year-old man becomes Puerto Rico’s youngest coronavirus victim,['968 tests'],,,
Puerto Rico,,https://www.miamiherald.com/news/nation-world/world/americas/article241675641.html,Puerto Rico says feds have approved use of coronavirus test kits,"['2,594 tests']",['500 ventilators'],,
Puerto Rico,03-13-2020 00:00,https://www.bostonglobe.com/2020/03/13/opinion/puerto-rico-must-act-now-stop-coronavirus/,Puerto Rico must act now to stop the coronavirus,['19 test kits'],,,
Puerto Rico,,http://www.coha.org/puerto-rico-and-covid-19-a-precarious-healthcare-system-faces-serious-challenges/,Puerto Rico and COVID-19: A Precarious Healthcare System Faces Serious Challenges,,,"['6,000 hospital beds']",
Albania,04-06-2020 21:10,https://www.reuters.com/article/health-coronavirus-albania/albanias-coronavirus-cases-drop-but-fears-grow-for-time-bomb-town-idUSL8N2BU711,Albania's coronavirus cases drop but fears grow for 'time-bomb' town,"['2,571 tests']",,,
Albania,04-07-2020 00:00,https://exit.al/en/2020/04/07/government-and-opposition-clash-over-coronavirus-testing-in-albania/,Government and Opposition Clash over Coronavirus Testing in Albania,"['37,000 tests', '30,000 tests']",,,
Albania,04-07-2020 00:00,https://exit.al/en/2020/04/07/albanian-government-asks-for-nato-aid-in-medical-supplies/,Albanian Government Asks for NATO Aid in Medical Supplies,,['800 ventilators'],,
Lithuania,,https://www.baltictimes.com/lithuania_waits_for_coronavirus_reagent_shipment_amid_supply_disruptions/,Lithuania waits for coronavirus reagent shipment amid supply disruptions,"['48 tests', '210 tests', '4,000 tests']",,,
Namibia,04-07-2020 06:43,https://allafrica.com/stories/202004070128.html,Namibia: PDM Calls for Widespread COVID-19 Testing,['19 test kits'],,,
Namibia,04-07-2020 06:43,https://allafrica.com/stories/202004070128.html,Namibia: PDM Calls for Widespread COVID-19 Testing,['19 test kits'],,,
North Macedonia,,https://www.nato.int/cps/en/natohq/news_174964.htm,Coronavirus response: Secretary General welcomes Allies’ support for North Macedonia,,,,"['100,000 surgical masks']"
Slovenia,,https://www.total-slovenia-news.com/politics/5973-covid-19-slovenia,"COVID-19 & Slovenia, Afternoon 2 April: Numbers, Drive-in Testing in Koper, 3D Masks, Hospital Director Resigns","['24,857 tests', '1,095 tests']",,,
Slovenia,,https://www.total-slovenia-news.com/politics/6008-covid-19-slovenia,"COVID-19 & Slovenia, Night 7 April: Numbers, PPE, Ease of Lockdown","['29,455 tests', '489 tests']",,,
Slovenia,,https://www.total-slovenia-news.com/politics/5962-covid-19-slovenia,"COVID-19 & Slovenia, Night 31 March: Numbers, Quarantine, Threat to Deny Care to Govt Critics, Health Secretary Resigns, Stimulus Vote, Hisense Donate Equipment",['40 tests'],"['500 respirators', '46 ventilators']",,
Slovenia,,https://seenews.com/news/slovenia-confirms-fifth-coronavirus-death-number-of-infected-climbs-to-528-692354,"Slovenia confirms fifth coronavirus death, number of infected climbs to 528",,,['539 hospital beds'],
Slovenia,,https://www.total-slovenia-news.com/politics/6008-covid-19-slovenia,"COVID-19 & Slovenia, Night 7 April: Numbers, PPE, Ease of Lockdown","['29,455 tests', '489 tests']",,,
Slovenia,,https://www.total-slovenia-news.com/politics/5981-covid-19-slovenia,"COVID-19 & Slovenia, Afternoon 3 April: Numbers, PPE Essential to Restarting Business, Weekend Restrictions, Florists & Nurseries Reopen, 2nd Stimulus Package Discussed","['1,064 tests']",,,
Latvia,,https://www.baltictimes.com/latvia_records_lowest_number_of_new_covid-19_cases_since_mid-march/,Latvia records lowest number of new Covid-19 cases since mid-March,['19 tests'],,,
Latvia,,https://www.baltictimes.com/number_of_coronavirus_cases_in_latvia_rises_to_376_as_29_more_people_test_positive_for_covid-19/,Number of coronavirus cases in Latvia rises to 376 as 29 more people test positive for Covid-19,['19 tests'],,,
Latvia,,https://www.baltictimes.com/16_patients_in_latvia_have_officially_recovered_from_covid-19/,16 patients in Latvia have officially recovered from Covid-19,['19 tests'],,,
Latvia,,http://www.leta.lv/eng/home/important/6CAEF12D-DCDD-40D8-8A38-65BCD994A664/,Number of coronavirus cases in Latvia rises to 577 as 29 more people test positive for Covid-19,['19 tests'],,,
Latvia,,https://www.baltictimes.com/latvia_confirms_first_covid-19_related_death/,Latvia confirms first Covid-19 related death,['19 tests'],,,
Latvia,,https://www.baltictimes.com/latvia_records_lowest_number_of_new_covid-19_cases_since_mid-march/,Latvia records lowest number of new Covid-19 cases since mid-March,['19 tests'],,,
Latvia,,http://www.leta.lv/eng/home/important/6CAEF12D-DCDD-40D8-8A38-65BCD994A664/,Number of coronavirus cases in Latvia rises to 577 as 29 more people test positive for Covid-19,['19 tests'],,,
Bahrain,,https://www.thenational.ae/world/gcc/how-bahrain-is-leading-from-the-front-on-coronavirus-containment-1.996771,How Bahrain is leading from the front on coronavirus containment,"['23,804 tests']",,,
Estonia,,http://www.baltic-course.com/eng2/good_for_business/?doc=155069,Covid-19: 2.6 mln items of personal protective equipment arrive in Estonia,,,,"['500,000 surgical masks']"
Estonia,04-07-2020 17:41,https://news.err.ee/1074149/more-than-a-million-masks-arrive-in-estonia-from-china,More than a million masks arrive in Estonia from China,,,,"['740,000 surgical masks']"
Cyprus,04-07-2020 11:23,https://www.thenationalherald.com/296681/covid-19-cases-leveling-off-on-cyprus-during-lockdown/,COVID-19 Cases Leveling Off on Cyprus During Lockdown,"['11,664 tests', '718 tests']",,,
Cyprus,,https://www.channelnewsasia.com/news/world/cyprus-adopts-mass-testing-for-covid-19-hotspots-12610220,Cyprus adopts mass testing for COVID-19 hotspots,['500 tests'],,,
Cyprus,03-21-2020 00:00,https://wtmj.com/national/2020/03/21/the-latest-cyprus-records-first-coronavirus-death/,The Latest: Cyprus records first coronavirus death,,['400 ventilators'],,
Cyprus,03-21-2020 00:00,https://wtmj.com/national/2020/03/21/the-latest-cyprus-records-first-coronavirus-death/,The Latest: Cyprus records first coronavirus death,,['400 ventilators'],,
Cyprus,,https://www.opendemocracy.net/en/can-europe-make-it/authoritarianism-masking-incompetence-case-republic-cyprus/,Authoritarianism masking incompetence? The case of the Republic of Cyprus,,,['541 hospital beds'],
Djibouti,,https://reliefweb.int/report/djibouti/djibouti-joins-global-action-prevent-covid-19-first-case-confirmed-country,Djibouti joins global action to prevent COVID-19 as first case is confirmed in the country - Djibouti,['500 tests'],['80 respirators'],,
Guyana,03-31-2020 14:28,https://www.stlucianewsonline.com/coronavirus-guyana-seeks-approval-of-rapid-testing-kits-projected-to-record-1400-cases/,"Coronavirus: Guyana seeks approval of rapid testing kits; projected to record 1,400 cases",,,['100 ICU beds'],
Maldives,04-07-2020 00:00,http://www.xinhuanet.com/english/2020-04/07/c_138954578.htm,"Maldives receives 5,000 more COVID-19 test kits from WHO - Xinhua","['6,000 test kits', '1,500 tests', '19,000 test kits']",,,
Maldives,03-26-2020 00:00,https://globalvoices.org/2020/03/26/maldives-can-a-country-dependent-on-tourism-afford-a-lockdown/,Maldives: Can a country so dependent on tourism afford a lockdown? · Global Voices,,,['200 ICU beds'],
Brunei,,http://www.faribaultcountyregister.com/page/content.detail/id/2580963/The-Latest--Brunei-reports-first-coronavirus-related-death.html?isap=1&nav=5052,The Latest: Brunei reports first coronavirus-related death - faribaultcountyregister.com,,"['100,000 ventilators', '40,000 ventilators']",,
Brunei,,http://www.faribaultcountyregister.com/page/content.detail/id/2580963/The-Latest--Brunei-reports-first-coronavirus-related-death.html?isap=1&nav=5052,The Latest: Brunei reports first coronavirus-related death - faribaultcountyregister.com,,"['100,000 ventilators', '40,000 ventilators']",,
Belize,04-07-2020 22:16,https://www.eturbonews.com/569601/two-more-cases-of-covid-19-confirmed-in-belize/,Two more cases of COVID-19 confirmed in Belize,['268 tests'],,,
Belize,03-27-2020 00:00,https://www.breakingbelizenews.com/2020/03/27/five-thousand-test-kits-and-over-7000-personal-protective-equipment-to-arrive-shortly-as-belize-steps-up-covid-19-containment-efforts1/,"Five thousand test kits, over 7,000 personal protective equipment and additional ventilators to arrive shortly as Belize steps up Covid-19 containment efforts","['86 tests', '5,000 test kits']",,,"['7,300 personal protective equipment']"
Bahamas,04-07-2020 21:35,http://magneticmediatv.com/2020/04/bahamas-covid-19-trend-threatens-to-overwhelm-health-system-strong-push-to-augment-supplies/,Bahamas COVID-19 trend threatens to overwhelm health system; strong push to augment supplies,"['1,000 test kits']",,,
Bahamas,03-17-2020 00:00,http://www.tribune242.com/news/2020/mar/17/when-will-they-all-come-back/,Bahamas feels effects of global coronavirus crisis,['200 tests'],,,
Iceland,04-06-2020 15:14,https://www.cleveland.com/news/2020/04/iceland-tests-anyone-for-coronavirus-shows-significant-amount-are-asymptomatic.html,"Iceland tests anyone for coronavirus, shows significant amount are asymptomatic","['9,000 tests']",,,
Iceland,,https://www.buzzfeed.com/albertonardelli/coronavirus-testing-iceland,Everyone In Iceland Can Get Tested For The Coronavirus. Here's How The Results Could Help All Of Us.,"['1,800 tests']",,,
Iceland,,https://www.iflscience.com/health-and-medicine/icelands-prolific-covid19-testing-is-telling-us-a-lot-about-the-outbreak/,Iceland's Prolific COVID-19 Testing Is Telling Us A Lot About The Outbreak,"['12,615 tests']",,,
Iceland,03-26-2020 11:48,https://www.zmescience.com/medicine/iceland-testing-covid-19-0523/,Iceland’s testing suggests 50% of COVID-19 cases are asymptomatic,"['10,000 tests', '3,000 tests']",,,
Barbados,04-06-2020 10:52,https://www.vibe.com/2020/04/barbados-ventilators-seized-by-united-states,"Barbados Ventilators Seized By U.S., Says Government",,['20 ventilators'],,
Barbados,,https://talkingpointsmemo.com/edblog/barbados-claims-us-seized-ventilators-en-route-to-country,Barbados Claims US Seized Ventilators En Route to Country,,"['48 ventilators', '20 ventilators']",,
Barbados,04-08-2020 00:00,https://www.stabroeknews.com/2020/04/08/news/regional/barbados/third-male-dies-of-covid-19-in-barbados/,Third male dies of COVID-19 in Barbados,['602 tests'],,,
Barbados,,http://www.loopnewsbarbados.com/content/barbados-covid-19-cases-jump-26-march-27-1-pm,"Barbados COVID-19 cases stand at 26 as of March 27, 1 pm","['26 tests', '234 tests']",,,
Barbados,04-06-2020 15:24,https://newsone.com/3924158/barbados-accuses-us-ventilators-seized/,U.S. Accused Of Stealing Ventilators From Barbados As Coronavirus Spreads in The Caribbean,['500 tests'],"['9,500 ventilators', '48 ventilators', '20 ventilators']",,
Barbados,,https://www.miamiherald.com/news/nation-world/world/americas/haiti/article241783756.html,Barbados says U.S. blocked 20 ventilators needed for COVID-19,,"['100 ventilators', '95 respirators', '104 ventilators', '20 ventilators']",,"['200,00 N95 masks']"
Barbados,,https://talkingpointsmemo.com/edblog/barbados-claims-us-seized-ventilators-en-route-to-country,Barbados Claims US Seized Ventilators En Route to Country,,"['48 ventilators', '20 ventilators']",,
Barbados,04-06-2020 15:24,https://newsone.com/3924158/barbados-accuses-us-ventilators-seized/,U.S. Accused Of Stealing Ventilators From Barbados As Coronavirus Spreads in The Caribbean,['500 tests'],"['9,500 ventilators', '48 ventilators', '20 ventilators']",,
Barbados,,https://talkingpointsmemo.com/edblog/barbados-claims-us-seized-ventilators-en-route-to-country,Barbados Claims US Seized Ventilators En Route to Country,,"['48 ventilators', '20 ventilators']",,
New Caledonia,03-25-2020 17:52,https://www.rnz.co.nz/international/pacific-news/412589/coronavirus-cases-in-new-caledonia-rise-to-12,Coronavirus: Cases in New Caledonia rise to 12,"['15,000 test kits']",,,
Saint Lucia,03-28-2020 20:44,https://www.stlucianewsonline.com/breaking-news-st-lucia-records-4th-coronavirus-case-first-positive-case-from-local-testing/,Saint Lucia’s 4th COVID-19 victim ‘doing well’; over 300 in quarantine,['29 tests'],,,
Isle of Man,,https://www.bbc.com/news/world-europe-isle-of-man-51863728,Coronavirus: Isle of Man follows UK's 'self-isolation' rules,['29 tests'],,,
Andorra,04-02-2020 15:12,https://www.dailymail.co.uk/news/article-8180695/Andorra-orders-150-000-antibody-tests-South-Korea.html,"Andorra orders 150,000 antibody tests from South Korea","['150,000 tests']",,,
Bermuda,04-05-2020 00:00,http://jamaica-gleaner.com/article/caribbean/20200405/bermudas-covid-19-cases-rise-37-lockdown-starts,Bermuda’s COVID-19 cases rise to 37 as lockdown starts,['291 tests'],,,
Greenland,03-16-2020 15:00,https://www.timesleader.com/wire/nation-world/776503/the-latest-greenland-reports-1st-case-of-new-coronavirus,The Latest: Greenland reports 1st case of new coronavirus,,"['5,000 ventilators']",,
Faroe Islands,04-08-2020 00:00,https://www.theguardian.com/world/2020/apr/08/vetinary-scientist-hailed-faroe-islands-lack-covid-19-deaths,Veterinary scientist hailed for Faroe Islands' lack of Covid-19 deaths,"['1,000 tests']",,,
Gibraltar,04-07-2020 00:00,https://www.theolivepress.es/spain-news/2020/04/07/gibraltar-ministers-tight-lipped-as-covid-19-recovery-continues/,Gibraltar ministers tight-lipped as COVID-19 recovery continues,['200 tests'],,,
Gibraltar,03-19-2020 11:33,https://finance.yahoo.com/news/todos-medical-signs-novel-coronavirus-113353282.html,Todos Medical Signs Novel Coronavirus (COVID-19) Point-of-Care Rapid Antibody Testing Kit Exclusive Distribution Agreement for the United States and Israel with Shanghai Liangrun Subsidiary Gibraltar,"['300,000 test kits']",,,
Palau,04-04-2020 17:01,https://www.rnz.co.nz/international/pacific-news/413451/palau-remains-free-of-covid-19-as-taiwan-experts-arrive-to-assist,Palau remains free of Covid-19 as Taiwan experts arrive to assist,"['1,000 test kits']",,,
Nauru,04-01-2020 22:34,https://www.rnz.co.nz/international/pacific-news/413194/nauru-s-covid-19-preparations-boosted,Nauru's Covid-19 preparations boosted,,,,"['13,000 surgical masks']"
Nauru,04-01-2020 22:34,https://www.rnz.co.nz/international/pacific-news/413194/nauru-s-covid-19-preparations-boosted,Nauru's Covid-19 preparations boosted,,,,"['13,000 surgical masks']"
